class,extends,abstract,file
AbstractDropdownElementMResourceData,ElementMResourceDataAbstract,no,Mosaic/NodeTypes/Menu/Dropdown/AbstractDropdownElementMResourceData.php
AccordionContentElementMResourceData,ElementMResourceDataAbstract,no,Mosaic/NodeTypes/Accordion/AccordionItem/AccordionContent/AccordionContentElementMResourceData.php
AccordionElementMResourceData,ElementMResourceDataAbstract,no,Mosaic/NodeTypes/Accordion/AccordionElementMResourceData.php
AccordionItemElementMResourceData,ElementMResourceDataAbstract,no,Mosaic/NodeTypes/Accordion/AccordionItem/AccordionItemElementMResourceData.php
AccordionLoopItemsElementMResourceData,ElementMResourceLoopDataAbstract,no,Mosaic/NodeTypes/Accordion/AccordionLoopItems/AccordionLoopItemsElementMResourceData.php
AccordionTitleElementMResourceData,ElementMResourceDataAbstract,no,Mosaic/NodeTypes/Accordion/AccordionItem/AccordionTitle/AccordionTitleElementMResourceData.php
BodyElementMResourceData,ElementMResourceDataAbstract,no,Mosaic/NodeTypes/Document/Body/BodyElementMResourceData.php
ButtonElementMResourceData,ElementMResourceDataAbstract,no,Mosaic/NodeTypes/Button/ButtonElementMResourceData.php
CheckboxInputElementMResourceData,ElementMResourceDataAbstract,no,Mosaic/NodeTypes/Pro/Form/Form/MElements/Checkbox/CheckboxInput/CheckboxInputElementMResourceData.php
ChoiceContentElementMResourceData,ElementMResourceDataAbstract,no,Mosaic/NodeTypes/Pro/Form/Form/MElements/ChoiceField/Content/ChoiceContentElementMResourceData.php
ChoiceElementMResourceData,ElementMResourceDataAbstract,no,Mosaic/NodeTypes/Pro/Form/Form/MElements/Choice/ChoiceElementMResourceData.php
ChoiceFieldElementMResourceData,ElementMResourceDataAbstract,no,Mosaic/NodeTypes/Pro/Form/Form/MElements/ChoiceField/ChoiceFieldElementMResourceData.php
ChoiceLabelElementMResourceData,ElementMResourceDataAbstract,no,Mosaic/NodeTypes/Pro/Form/Form/MElements/Choice/ChoiceLabel/ChoiceLabelElementMResourceData.php
ChoiceLegendElementMResourceData,ElementMResourceDataAbstract,no,Mosaic/NodeTypes/Pro/Form/Form/MElements/ChoiceField/Legend/ChoiceLegendElementMResourceData.php
CodeElementMResourceData,ElementMResourceDataAbstract,no,Mosaic/NodeTypes/Pro/Code/CodeElementMResourceData.php
ComponentExternalElementMResourceData,ElementMResourceDataAbstract,no,Mosaic/NodeTypes/Component/Component/ComponentExternal/ComponentExternalElementMResourceData.php
ComponentInstanceElementMResourceData,ElementMResourceDataAbstract,no,Mosaic/NodeTypes/Component/ComponentInstance/ComponentInstanceElementMResourceData.php
ComponentInternalElementMResourceData,ElementMResourceDataAbstract,no,Mosaic/NodeTypes/Component/Component/ComponentInternal/ComponentInternalElementMResourceData.php
DivElementMResourceData,ElementMResourceDataAbstract,no,Mosaic/NodeTypes/Div/DivElementMResourceData.php
DocumentElementMResourceData,ElementMResourceDataAbstract,no,Mosaic/NodeTypes/Document/DocumentElementMResourceData.php
DropdownElementMResourceData,AbstractDropdownElementMResourceData,no,Mosaic/NodeTypes/Menu/Dropdown/Dropdown/DropdownElementMResourceData.php
DropdownToggleElementMResourceData,ElementMResourceDataAbstract,no,Mosaic/NodeTypes/Menu/Dropdown/DropdownToggle/DropdownToggleElementMResourceData.php
DropdownWideElementMResourceData,AbstractDropdownElementMResourceData,no,Mosaic/NodeTypes/Menu/Dropdown/DropdownWide/DropdownWideElementMResourceData.php
DropdownWrapperElementMResourceData,ElementMResourceDataAbstract,no,Mosaic/NodeTypes/Menu/Dropdown/DropdownWrapper/DropdownWrapperElementMResourceData.php
ElementMResourceDataAbstract,NodeMResourceDataAbstract,yes,Mosaic/NodeTypes/ElementAbstract/ElementMResourceDataAbstract.php
FieldElementMResourceData,ElementMResourceDataAbstract,no,Mosaic/NodeTypes/Pro/Form/Form/MElements/Field/FieldElementMResourceData.php
FieldSetContentElementMResourceData,ElementMResourceDataAbstract,no,Mosaic/NodeTypes/Pro/Form/Form/MElements/FieldSet/Content/FieldSetContentElementMResourceData.php
FieldSetElementMResourceData,ElementMResourceDataAbstract,no,Mosaic/NodeTypes/Pro/Form/Form/MElements/FieldSet/FieldSetElementMResourceData.php
FieldSetLegendElementMResourceData,ElementMResourceDataAbstract,no,Mosaic/NodeTypes/Pro/Form/Form/MElements/FieldSet/Legend/FieldSetLegendElementMResourceData.php
FileUploadElementMResourceData,ElementMResourceDataAbstract,no,Mosaic/NodeTypes/Pro/Form/Form/MElements/FileUpload/FileUploadElementMResourceData.php
FormElementMResourceData,ElementMResourceDataAbstract,no,Mosaic/NodeTypes/Pro/Form/Form/FormElementMResourceData.php
FormErrorElementMResourceData,ElementMResourceDataAbstract,no,Mosaic/NodeTypes/Pro/Form/Form/MElements/FormError/FormErrorElementMResourceData.php
FormStepButtonElementMResourceData,ElementMResourceDataAbstract,no,Mosaic/NodeTypes/Pro/Form/Form/MElements/MultiSteps/Forms/FormStep/Button/FormStepButtonElementMResourceData.php
FormStepElementMResourceData,ElementMResourceDataAbstract,no,Mosaic/NodeTypes/Pro/Form/Form/MElements/MultiSteps/Forms/FormStep/FormStepElementMResourceData.php
FormWrapperElementMResourceData,ElementMResourceDataAbstract,no,Mosaic/NodeTypes/Pro/Form/FormWrapperElementMResourceData.php
FormsElementMResourceData,ElementMResourceDataAbstract,no,Mosaic/NodeTypes/Pro/Form/Form/MElements/MultiSteps/Forms/FormsElementMResourceData.php
GoogleMapsElementMResourceData,ElementMResourceDataAbstract,no,Mosaic/NodeTypes/GoogleMaps/GoogleMapsElementMResourceData.php
HiddenInputElementMResourceData,ElementMResourceDataAbstract,no,Mosaic/NodeTypes/Pro/Form/Form/MElements/HiddenInput/HiddenInputElementMResourceData.php
IconElementMResourceData,ElementMResourceDataAbstract,no,Mosaic/NodeTypes/Icon/IconElementMResourceData.php
ImageElementMResourceData,ElementMResourceDataAbstract,no,Mosaic/NodeTypes/Image/ImageElementMResourceData.php
InputTextElementMResourceData,ElementMResourceDataAbstract,no,Mosaic/NodeTypes/Pro/Form/Form/MElements/InputText/InputTextElementMResourceData.php
LabelElementMResourceData,ElementMResourceDataAbstract,no,Mosaic/NodeTypes/Pro/Form/Form/MElements/Label/LabelElementMResourceData.php
ListElementMResourceData,ElementMResourceDataAbstract,no,Mosaic/NodeTypes/ListElement/ListElementMResourceData.php
ListItemElementMResourceData,ElementMResourceDataAbstract,no,Mosaic/NodeTypes/ListElement/ListItem/ListItemElementMResourceData.php
ListLoopItemsElementMResourceData,ElementMResourceLoopDataAbstract,no,Mosaic/NodeTypes/ListElement/ListLoopItems/ListLoopItemsElementMResourceData.php
LoopElementMResourceData,ElementMResourceLoopDataAbstract,no,Mosaic/NodeTypes/Loop/LoopElementMResourceData.php
LoopItemElementMResourceData,ElementMResourceDataAbstract,no,Mosaic/NodeTypes/Loop/LoopItems/LoopItem/LoopItemElementMResourceData.php
LoopItemsElementMResourceData,ElementMResourceDataAbstract,no,Mosaic/NodeTypes/Loop/LoopItems/LoopItemsElementMResourceData.php
LoopNoResultElementMResourceData,ElementMResourceDataAbstract,no,Mosaic/NodeTypes/Loop/LoopNoResult/LoopNoResultElementMResourceData.php
LoopPaginationButtonElementMResourceData,ElementMResourceDataAbstract,no,Mosaic/NodeTypes/Loop/LoopPagination/Button/LoopPaginationButtonElementMResourceData.php
LoopPaginationElementMResourceData,ElementMResourceDataAbstract,no,Mosaic/NodeTypes/Loop/LoopPagination/LoopPaginationElementMResourceData.php
LoopPaginationNumberElementMResourceData,ElementMResourceDataAbstract,no,Mosaic/NodeTypes/Loop/LoopPagination/Numbers/Number/LoopPaginationNumberElementMResourceData.php
LoopPaginationNumbersElementMResourceData,ElementMResourceDataAbstract,no,Mosaic/NodeTypes/Loop/LoopPagination/Numbers/LoopPaginationNumbersElementMResourceData.php
MenuElementMResourceData,ElementMResourceDataAbstract,no,Mosaic/NodeTypes/Menu/MenuElementMResourceData.php
MenuLinkElementMResourceData,ElementMResourceDataAbstract,no,Mosaic/NodeTypes/Menu/MenuLink/MenuLinkElementMResourceData.php
MultiStepsElementMResourceData,ElementMResourceDataAbstract,no,Mosaic/NodeTypes/Pro/Form/Form/MElements/MultiSteps/MultiStepsElementMResourceData.php
NavbarElementMResourceData,ElementMResourceDataAbstract,no,Mosaic/NodeTypes/Navbar/NavbarElementMResourceData.php
NavbarToggleElementMResourceData,ElementMResourceDataAbstract,no,Mosaic/NodeTypes/Navbar/NavbarToggle/NavbarToggleElementMResourceData.php
NavigationElementMResourceData,ElementMResourceDataAbstract,no,Mosaic/NodeTypes/Navbar/Navigation/NavigationElementMResourceData.php
NodeMResourceDataAbstract,MResourceDataAbstract,yes,Mosaic/NodeTypes/NodeAbstract/NodeMResourceDataAbstract.php
OptionElementMResourceData,ElementMResourceDataAbstract,no,Mosaic/NodeTypes/Pro/Form/Form/MElements/Select/Option/OptionElementMResourceData.php
RadioInputElementMResourceData,ElementMResourceDataAbstract,no,Mosaic/NodeTypes/Pro/Form/Form/MElements/Radio/RadioInput/RadioInputElementMResourceData.php
RecaptchaElementMResourceData,ElementMResourceDataAbstract,no,Mosaic/NodeTypes/Pro/Form/Form/MElements/Recaptcha/RecaptchaElementMResourceData.php
RootElementMResourceData,ElementMResourceDataAbstract,no,Mosaic/NodeTypes/Root/RootElementMResourceData.php
SGAElementMResourceData,ElementMResourceDataAbstract,no,Mosaic/NodeTypes/SG/SGA/SGAElementMResourceData.php
SGEntryContentButtonElementMResourceData,ElementMResourceDataAbstract,no,Mosaic/NodeTypes/SG/SGEntryContent/SGEntryContentButton/SGEntryContentButtonElementMResourceData.php
SGEntryContentCodeElementMResourceData,ElementMResourceDataAbstract,no,Mosaic/NodeTypes/SG/SGEntryContent/SGEntryContentCode/SGEntryContentCodeElementMResourceData.php
SGEntryContentElementMResourceData,ElementMResourceDataAbstract,no,Mosaic/NodeTypes/SG/SGEntryContent/SGEntryContentElementMResourceData.php
SGEntryContentImageCaptionElementMResourceData,ElementMResourceDataAbstract,no,Mosaic/NodeTypes/SG/SGEntryContent/SGEntryContentImage/SGEntryContentImageCaption/SGEntryContentImageCaptionElementMResourceData.php
SGEntryContentImageElementMResourceData,ElementMResourceDataAbstract,no,Mosaic/NodeTypes/SG/SGEntryContent/SGEntryContentImage/SGEntryContentImageElementMResourceData.php
SGEntryContentImageImgElementMResourceData,ElementMResourceDataAbstract,no,Mosaic/NodeTypes/SG/SGEntryContent/SGEntryContentImage/SGEntryContentImageImg/SGEntryContentImageImgElementMResourceData.php
SGEntryContentListElementMResourceData,ElementMResourceDataAbstract,no,Mosaic/NodeTypes/SG/SGEntryContent/SGEntryContentList/SGEntryContentListElementMResourceData.php
SGEntryContentListItemElementMResourceData,ElementMResourceDataAbstract,no,Mosaic/NodeTypes/SG/SGEntryContent/SGEntryContentList/SGEntryContentListItem/SGEntryContentListItemElementMResourceData.php
SGEntryContentPreformattedElementMResourceData,ElementMResourceDataAbstract,no,Mosaic/NodeTypes/SG/SGEntryContent/SGEntryContentPreformatted/SGEntryContentPreformattedElementMResourceData.php
SGEntryContentPullQuoteCiteElementMResourceData,ElementMResourceDataAbstract,no,Mosaic/NodeTypes/SG/SGEntryContent/SGEntryContentPullQuote/SGEntryContentPullQuoteCite/SGEntryContentPullQuoteCiteElementMResourceData.php
SGEntryContentPullQuoteElementMResourceData,ElementMResourceDataAbstract,no,Mosaic/NodeTypes/SG/SGEntryContent/SGEntryContentPullQuote/SGEntryContentPullQuoteElementMResourceData.php
SGEntryContentPullQuoteParagraphElementMResourceData,ElementMResourceDataAbstract,no,Mosaic/NodeTypes/SG/SGEntryContent/SGEntryContentPullQuote/SGEntryContentPullQuoteParagraph/SGEntryContentPullQuoteParagraphElementMResourceData.php
SGEntryContentQuoteCiteElementMResourceData,ElementMResourceDataAbstract,no,Mosaic/NodeTypes/SG/SGEntryContent/SGEntryContentQuote/SGEntryContentQuoteCite/SGEntryContentQuoteCiteElementMResourceData.php
SGEntryContentQuoteElementMResourceData,ElementMResourceDataAbstract,no,Mosaic/NodeTypes/SG/SGEntryContent/SGEntryContentQuote/SGEntryContentQuoteElementMResourceData.php
SGEntryContentSeparatorElementMResourceData,ElementMResourceDataAbstract,no,Mosaic/NodeTypes/SG/SGEntryContent/SGEntryContentSeparator/SGEntryContentSeparatorElementMResourceData.php
SGEntryContentTextElementMResourceData,ElementMResourceDataAbstract,no,Mosaic/NodeTypes/SG/SGEntryContent/SGEntryContentText/SGEntryContentTextElementMResourceData.php
SGEntryContentVerseElementMResourceData,ElementMResourceDataAbstract,no,Mosaic/NodeTypes/SG/SGEntryContent/SGEntryContentVerse/SGEntryContentVerseElementMResourceData.php
SectionElementMResourceData,ElementMResourceDataAbstract,no,Mosaic/NodeTypes/Section/SectionElementMResourceData.php
SelectElementMResourceData,ElementMResourceDataAbstract,no,Mosaic/NodeTypes/Pro/Form/Form/MElements/Select/SelectElementMResourceData.php
SliderArrowElementMResourceData,ElementMResourceDataAbstract,no,Mosaic/NodeTypes/Pro/Slider/SliderArrow/SliderArrowElementMResourceData.php
SliderElementMResourceData,ElementMResourceDataAbstract,no,Mosaic/NodeTypes/Pro/Slider/SliderElementMResourceData.php
SliderLoopSlidesElementMResourceData,ElementMResourceLoopDataAbstract,no,Mosaic/NodeTypes/Pro/Slider/SliderLoopSlides/SliderLoopSlidesElementMResourceData.php
SliderNavigationBulletElementMResourceData,ElementMResourceDataAbstract,no,Mosaic/NodeTypes/Pro/Slider/SliderNavigation/SliderNavigationBullet/SliderNavigationBulletElementMResourceData.php
SliderNavigationElementMResourceData,ElementMResourceDataAbstract,no,Mosaic/NodeTypes/Pro/Slider/SliderNavigation/SliderNavigationElementMResourceData.php
SliderSlideElementMResourceData,ElementMResourceDataAbstract,no,Mosaic/NodeTypes/Pro/Slider/SliderSlides/SliderSlide/SliderSlideElementMResourceData.php
SliderSlidesElementMResourceData,ElementMResourceDataAbstract,no,Mosaic/NodeTypes/Pro/Slider/SliderSlides/SliderSlidesElementMResourceData.php
StepElementMResourceData,ElementMResourceDataAbstract,no,Mosaic/NodeTypes/Pro/Form/Form/MElements/MultiSteps/Steps/Step/StepElementMResourceData.php
StepsElementMResourceData,ElementMResourceDataAbstract,no,Mosaic/NodeTypes/Pro/Form/Form/MElements/MultiSteps/Steps/StepsElementMResourceData.php
SubmitButtonElementMResourceData,ElementMResourceDataAbstract,no,Mosaic/NodeTypes/Pro/Form/Form/MElements/SubmitButton/SubmitButtonElementMResourceData.php
SubmitLabelElementMResourceData,ElementMResourceDataAbstract,no,Mosaic/NodeTypes/Pro/Form/Form/MElements/SubmitButton/Label/SubmitLabelElementMResourceData.php
SubmitLoadingElementMResourceData,ElementMResourceDataAbstract,no,Mosaic/NodeTypes/Pro/Form/Form/MElements/SubmitButton/Loading/SubmitLoadingElementMResourceData.php
SuccessScreenElementMResourceData,ElementMResourceDataAbstract,no,Mosaic/NodeTypes/Pro/Form/SuccessScreen/SuccessScreenElementMResourceData.php
TabElementMResourceData,ElementMResourceDataAbstract,no,Mosaic/NodeTypes/Pro/Tabs/TabsMenu/Tab/TabElementMResourceData.php
TabLoopTabPanesElementMResourceData,ElementMResourceDataAbstract,no,Mosaic/NodeTypes/Pro/Tabs/TabsContent/LoopTabPanes/TabLoopTabPanesElementMResourceData.php
TabLoopTabsElementMResourceData,ElementMResourceLoopDataAbstract,no,Mosaic/NodeTypes/Pro/Tabs/TabsMenu/LoopTabs/TabLoopTabsElementMResourceData.php
TabPaneElementMResourceData,ElementMResourceDataAbstract,no,Mosaic/NodeTypes/Pro/Tabs/TabsContent/TabPane/TabPaneElementMResourceData.php
TabsContentElementMResourceData,ElementMResourceDataAbstract,no,Mosaic/NodeTypes/Pro/Tabs/TabsContent/TabsContentElementMResourceData.php
TabsElementMResourceData,ElementMResourceDataAbstract,no,Mosaic/NodeTypes/Pro/Tabs/TabsElementMResourceData.php
TabsMenuElementMResourceData,ElementMResourceDataAbstract,no,Mosaic/NodeTypes/Pro/Tabs/TabsMenu/TabsMenuElementMResourceData.php
TemplateExternalElementMResourceData,ElementMResourceDataAbstract,no,Mosaic/NodeTypes/Template/TemplateExternal/TemplateExternalElementMResourceData.php
TemplateInternalElementMResourceData,ElementMResourceDataAbstract,no,Mosaic/NodeTypes/Template/TemplateInternal/TemplateInternalElementMResourceData.php
TextAreaElementMResourceData,ElementMResourceDataAbstract,no,Mosaic/NodeTypes/Pro/Form/Form/MElements/TextArea/TextAreaElementMResourceData.php
TextElementMResourceData,ElementMResourceDataAbstract,no,Mosaic/NodeTypes/Text/TextElementMResourceData.php
TurnstileElementMResourceData,ElementMResourceDataAbstract,no,Mosaic/NodeTypes/Pro/Form/Form/MElements/Turnstile/TurnstileElementMResourceData.php
UnknownElementMResourceDataAbstract,ElementMResourceDataAbstract,no,Mosaic/NodeTypes/Unknown/UnknownElementMResourceDataAbstract.php
VideoElementMResourceData,ElementMResourceDataAbstract,no,Mosaic/NodeTypes/Video/VideoElementMResourceData.php
VimeoElementMResourceData,ElementMResourceDataAbstract,no,Mosaic/NodeTypes/Vimeo/VimeoElementMResourceData.php
WPContentElementMResourceData,ElementMResourceDataAbstract,no,Mosaic/NodeTypes/WPContent/WPContentElementMResourceData.php
WPMenuElementMResourceData,ElementMResourceDataAbstract,no,Mosaic/NodeTypes/Menu/WPMenu/WPMenuElementMResourceData.php
WPShortcodeElementMResourceData,ElementMResourceDataAbstract,no,Mosaic/NodeTypes/WPShortcode/WPShortcodeElementMResourceData.php
WysiwygLineBreakNodeMResourceData,NodeMResourceDataAbstract,no,Mosaic/NodeTypes/Wysiwyg/WysiwygLineBreak/WysiwygLineBreakNodeMResourceData.php
WysiwygLinkElementMResourceData,ElementMResourceDataAbstract,no,Mosaic/NodeTypes/Wysiwyg/WysiwygLink/WysiwygLinkElementMResourceData.php
WysiwygSpanElementMResourceData,ElementMResourceDataAbstract,no,Mosaic/NodeTypes/Wysiwyg/WysiwygSpan/WysiwygSpanElementMResourceData.php
WysiwygTextNodeMResourceData,NodeMResourceDataAbstract,no,Mosaic/NodeTypes/Wysiwyg/WysiwygText/WysiwygTextNodeMResourceData.php
WysiwygVariableNodeMResourceData,NodeMResourceDataAbstract,no,Mosaic/NodeTypes/Wysiwyg/WysiwygVariable/WysiwygVariableNodeMResourceData.php
YouTubeElementMResourceData,ElementMResourceDataAbstract,no,Mosaic/NodeTypes/YouTube/YouTubeElementMResourceData.php
