type,default_children,child_count,source,declared_in
accordion-content,text|wysiwyg-text,2,default,Mosaic/NodeTypes/Accordion/AccordionItem/AccordionContent/AccordionContentElementTypeFactory.php
accordion-item,accordion-title|accordion-content,2,default,Mosaic/NodeTypes/Accordion/AccordionItem/AccordionItemElementTypeFactory.php
choice-field,choice-legend|choice-content,2,heal,Mosaic/NodeTypes/Pro/Form/Form/MElements/ChoiceField/ChoiceFieldElementMResource.php
dropdown,dropdown-toggle|dropdown-wrapper,2,heal,Mosaic/NodeTypes/Menu/Dropdown/Dropdown/DropdownElementMResource.php
dropdown-wide,dropdown-toggle|dropdown-wrapper-wide,2,heal,Mosaic/NodeTypes/Menu/Dropdown/DropdownWide/DropdownWideElementMResource.php
form-multi-steps,form-multi-steps-steps|multi-steps-forms|form-multi-steps-step|multi-steps-form-step,4,heal,Mosaic/NodeTypes/Pro/Form/Form/MElements/MultiSteps/MultiStepsElementMResource.php
form-wrapper,form|success-screen,2,heal,Mosaic/NodeTypes/Pro/Form/FormWrapperElementMResource.php
loop,loop-items|loop-no-result,2,heal,Mosaic/NodeTypes/Loop/LoopElementMResource.php
loop-pagination-numbers,loop-pagination-number,1,heal,Mosaic/NodeTypes/Loop/LoopPagination/Numbers/LoopPaginationNumbersElementMResource.php
modal,modal-overlay,1,heal,Mosaic/NodeTypes/Dialog/Modal/ModalElementMResource.php
slider,slider-slides,1,heal,Mosaic/NodeTypes/Pro/Slider/SliderElementMResource.php
slider-navigation,slider-navigation-bullet,1,default,Mosaic/NodeTypes/Pro/Slider/SliderNavigation/SliderNavigationElementTypeFactory.php
slider-navigation,slider-navigation-bullet,1,heal,Mosaic/NodeTypes/Pro/Slider/SliderNavigation/SliderNavigationElementMResource.php
styleguide-entry-content-image,styleguide-entry-content-image-img|styleguide-entry-content-image-caption,2,heal,Mosaic/NodeTypes/SG/SGEntryContent/SGEntryContentImage/SGEntryContentImageElementMResource.php
styleguide-entry-content-list,styleguide-entry-content-list-item,1,heal,Mosaic/NodeTypes/SG/SGEntryContent/SGEntryContentList/SGEntryContentListElementMResource.php
styleguide-entry-content-pullquote,styleguide-entry-content-pullquote-paragraph|styleguide-entry-content-pullquote-cite,2,heal,Mosaic/NodeTypes/SG/SGEntryContent/SGEntryContentPullQuote/SGEntryContentPullQuoteElementMResource.php
styleguide-entry-content-text-quote,styleguide-entry-content-quote-cite,1,heal,Mosaic/NodeTypes/SG/SGEntryContent/SGEntryContentQuote/SGEntryContentQuoteElementMResource.php
submit-button,submit-label|submit-loading,2,heal,Mosaic/NodeTypes/Pro/Form/Form/MElements/SubmitButton/SubmitButtonElementMResource.php
tabs-content,tabs-tab-pane,1,default,Mosaic/NodeTypes/Pro/Tabs/TabsContent/TabsContentElementTypeFactory.php
tabs-loop-tab-panes,text|wysiwyg-variable,2,default,Mosaic/NodeTypes/Pro/Tabs/TabsContent/LoopTabPanes/TabLoopTabPanesElementTypeFactory.php
tabs-loop-tabs,text|wysiwyg-variable,2,default,Mosaic/NodeTypes/Pro/Tabs/TabsMenu/LoopTabs/TabLoopTabsElementTypeFactory.php
tabs-menu,tabs-tab,1,default,Mosaic/NodeTypes/Pro/Tabs/TabsMenu/TabsMenuElementTypeFactory.php
tabs-tab,text|wysiwyg-text,2,default,Mosaic/NodeTypes/Pro/Tabs/TabsMenu/Tab/TabElementTypeFactory.php
tabs-tab-pane,text|wysiwyg-text,2,default,Mosaic/NodeTypes/Pro/Tabs/TabsContent/TabPane/TabPaneElementTypeFactory.php
text,wysiwyg-text,1,default,Mosaic/NodeTypes/Text/TextElementTypeFactory.php
