path,width,finding,element,detail
components/,390,GRID_NOT_COLLAPSED,cp-tabs-menu,2 columns at 390px
components/,390,GRID_NOT_COLLAPSED,mk-f-links,2 columns at 390px
dialogs/,390,GRID_NOT_COLLAPSED,mk-f-links,2 columns at 390px
sliders/,390,SMALL_TARGET,sl-main-nav-dot,34x28: 
sliders/,390,SMALL_TARGET,sl-main-nav-dot,34x28: 
sliders/,390,SMALL_TARGET,sl-main-nav-dot,34x28: 
sliders/,390,SMALL_TARGET,sl-main-nav-dot,34x28: 
sliders/,390,SMALL_TARGET,sl-carousel-nav-dot,34x28: 
sliders/,390,SMALL_TARGET,sl-carousel-nav-dot,34x28: 
sliders/,390,SMALL_TARGET,sl-carousel-nav-dot,34x28: 
sliders/,390,SMALL_TARGET,sl-carousel-nav-dot,34x28: 
sliders/,390,SMALL_TARGET,sl-carousel-nav-dot,34x28: 
sliders/,390,SMALL_TARGET,sl-carousel-nav-dot,34x28: 
sliders/,390,GRID_NOT_COLLAPSED,mk-f-links,2 columns at 390px
tokens/,390,GRID_NOT_COLLAPSED,mk-f-links,2 columns at 390px
dynamic/,390,GRID_NOT_COLLAPSED,mk-f-links,2 columns at 390px
conversion/,390,GRID_NOT_COLLAPSED,mk-f-links,2 columns at 390px
components/,768,LONG_MEASURE,m-text,44 chars/line
components/,768,LONG_MEASURE,m-text,56 chars/line
dialogs/,768,LONG_MEASURE,m-text,46 chars/line
dialogs/,768,LONG_MEASURE,m-text,45 chars/line
dialogs/,768,LONG_MEASURE,m-text,45 chars/line
sliders/,768,SMALL_TARGET,sl-main-nav-dot,34x28: 
sliders/,768,SMALL_TARGET,sl-main-nav-dot,34x28: 
sliders/,768,SMALL_TARGET,sl-main-nav-dot,34x28: 
sliders/,768,SMALL_TARGET,sl-main-nav-dot,34x28: 
sliders/,768,LONG_MEASURE,m-text,44 chars/line
sliders/,768,LONG_MEASURE,m-text,44 chars/line
sliders/,768,SMALL_TARGET,sl-carousel-nav-dot,34x28: 
sliders/,768,SMALL_TARGET,sl-carousel-nav-dot,34x28: 
sliders/,768,SMALL_TARGET,sl-carousel-nav-dot,34x28: 
sliders/,768,SMALL_TARGET,sl-carousel-nav-dot,34x28: 
sliders/,768,SMALL_TARGET,sl-carousel-nav-dot,34x28: 
sliders/,768,SMALL_TARGET,sl-carousel-nav-dot,34x28: 
tokens/,768,LONG_MEASURE,m-text,47 chars/line
tokens/,768,LONG_MEASURE,m-text,55 chars/line
tokens/,768,LONG_MEASURE,m-text,55 chars/line
tokens/,768,LONG_MEASURE,m-text,44 chars/line
tokens/,768,LONG_MEASURE,m-text,45 chars/line
tokens/,768,LONG_MEASURE,m-text,51 chars/line
tokens/,768,LONG_MEASURE,m-text,49 chars/line
tokens/,768,LONG_MEASURE,m-text,55 chars/line
tokens/,768,LONG_MEASURE,m-text,55 chars/line
tokens/,768,LONG_MEASURE,m-text,55 chars/line
dynamic/,768,LONG_MEASURE,m-text,43 chars/line
dynamic/,768,LONG_MEASURE,m-text,57 chars/line
dynamic/,768,LONG_MEASURE,m-text,49 chars/line
dynamic/,768,LONG_MEASURE,m-text,55 chars/line
dynamic/,768,LONG_MEASURE,m-text,55 chars/line
dynamic/,768,LONG_MEASURE,m-text,55 chars/line
dynamic/,768,LONG_MEASURE,m-text,55 chars/line
conversion/,768,LONG_MEASURE,m-text,46 chars/line
conversion/,768,LONG_MEASURE,m-text,47 chars/line
conversion/,768,LONG_MEASURE,m-text,45 chars/line
conversion/,768,LONG_MEASURE,m-text,49 chars/line
conversion/,768,LONG_MEASURE,m-text,55 chars/line
conversion/,768,LONG_MEASURE,m-text,55 chars/line
conversion/,768,LONG_MEASURE,m-text,55 chars/line
