owner_class,extends,edition,creator,property,validators,accepted_values,supports_inherit,is_responsive,reserved_attributes,file
AccordionElementMResourceData,ElementMResourceDataAbstract,free,createDataSimple,openMode,ValidateAllowUndefined|ValidatorAcceptedValues|Validators,single|multiple|alwaysOpen,true,,data-animation|data-open-mode|data-first-opened|data-require-one-open,Mosaic/NodeTypes/Accordion/AccordionElementMResourceData.php
AccordionElementMResourceData,ElementMResourceDataAbstract,free,createDataSimple,firstOpened,ValidateAllowUndefined|ValidatorAcceptedValues|Validators,0|1,true,,data-animation|data-open-mode|data-first-opened|data-require-one-open,Mosaic/NodeTypes/Accordion/AccordionElementMResourceData.php
AccordionElementMResourceData,ElementMResourceDataAbstract,free,createDataSimple,requireOneOpen,ValidateAllowUndefined|ValidatorAcceptedValues|Validators,0|1,true,,data-animation|data-open-mode|data-first-opened|data-require-one-open,Mosaic/NodeTypes/Accordion/AccordionElementMResourceData.php
AccordionElementMResourceData,ElementMResourceDataAbstract,free,createDataSimple,animation,ValidateAllowUndefined|ValidatorAcceptedValues|Validators,none|slide,true,,data-animation|data-open-mode|data-first-opened|data-require-one-open,Mosaic/NodeTypes/Accordion/AccordionElementMResourceData.php
AccordionItemElementMResourceData,ElementMResourceDataAbstract,free,createDataSimple,openedByDefault,ValidateAllowUndefined|ValidatorAcceptedValues|Validators,0|1,true,,data-opened-by-default,Mosaic/NodeTypes/Accordion/AccordionItem/AccordionItemElementMResourceData.php
AccordionItemElementMResourceData,ElementMResourceDataAbstract,free,createDataSimple,mode,ValidateAllowUndefined|ValidatorAcceptedValues|Validators,item|beforeMatch|afterMatch|separator,true,,data-opened-by-default,Mosaic/NodeTypes/Accordion/AccordionItem/AccordionItemElementMResourceData.php
ButtonElementMResourceData,ElementMResourceDataAbstract,free,createDataSimple,url,ValidateAllowUndefined|ValidatorDynamicCodeObject|ValidatorSanitizeEmptyString|ValidatorURL|ValidatorURLObject|Validators,,true,,href|target|rel,Mosaic/NodeTypes/Button/ButtonElementMResourceData.php
ButtonElementMResourceData,ElementMResourceDataAbstract,free,createDataSimple,target,ValidateAllowUndefined|ValidatorAcceptedValues|Validators,_self|_blank|_parent|_top,true,,href|target|rel,Mosaic/NodeTypes/Button/ButtonElementMResourceData.php
ButtonElementMResourceData,ElementMResourceDataAbstract,free,createDataSimple,rel,ValidateAllowUndefined|ValidatorArray|ValidatorString|Validators,,true,,href|target|rel,Mosaic/NodeTypes/Button/ButtonElementMResourceData.php
DivElementMResourceData,ElementMResourceDataAbstract,free,createDataSimple,tagName,ValidateAllowUndefined|ValidatorTagName|Validators,,true,,,Mosaic/NodeTypes/Div/DivElementMResourceData.php
DivElementMResourceData,ElementMResourceDataAbstract,free,createDataArray,dynamicSources,,,true,,,Mosaic/NodeTypes/Div/DivElementMResourceData.php
ElementMResourceDataAbstract,NodeMResourceDataAbstract,free,createDataSimple,name,ValidateAllowUndefined|ValidatorName|ValidatorSanitizeEmptyString|Validators,,true,,,Mosaic/NodeTypes/ElementAbstract/ElementMResourceDataAbstract.php
ElementMResourceDataAbstract,NodeMResourceDataAbstract,free,createDataSimple,locked,ValidateAllowUndefined|ValidatorBoolean|Validators,,true,,,Mosaic/NodeTypes/ElementAbstract/ElementMResourceDataAbstract.php
ElementMResourceDataAbstract,NodeMResourceDataAbstract,free,createDataSimple,hidden,ValidateAllowUndefined|ValidatorAcceptedValues|Validators,,true,,,Mosaic/NodeTypes/ElementAbstract/ElementMResourceDataAbstract.php
ElementMResourceDataAbstract,NodeMResourceDataAbstract,free,createDataArray,conditions,,,true,,,Mosaic/NodeTypes/ElementAbstract/ElementMResourceDataAbstract.php
ElementMResourceDataAbstract,NodeMResourceDataAbstract,free,createDataSimple,attributes,ValidateAllowUndefined|ValidatorArray|ValidatorAttributes|ValidatorAttributesRecord|Validators,,true,,,Mosaic/NodeTypes/ElementAbstract/ElementMResourceDataAbstract.php
ElementMResourceDataAbstract,NodeMResourceDataAbstract,free,createDataSimple,cssClasses,ValidateAllowUndefined|ValidatorArray|ValidatorCSSClassesRecord|ValidatorClassName|Validators,,true,,,Mosaic/NodeTypes/ElementAbstract/ElementMResourceDataAbstract.php
ElementMResourceDataAbstract,NodeMResourceDataAbstract,free,createDataSimple,attrID,ValidateAllowUndefined|ValidatorAttribute|Validators,,true,,,Mosaic/NodeTypes/ElementAbstract/ElementMResourceDataAbstract.php
ElementMResourceDataAbstract,NodeMResourceDataAbstract,free,createDataGroup,style,,,true,,,Mosaic/NodeTypes/ElementAbstract/ElementMResourceDataAbstract.php
ElementMResourceDataAbstract,NodeMResourceDataAbstract,free,createDataArray,interactions,,,,,,Mosaic/NodeTypes/ElementAbstract/ElementMResourceDataAbstract.php
GoogleMapsElementMResourceData,ElementMResourceDataAbstract,free,createDataSimple,query,ValidateAllowUndefined|ValidatorDynamicCodeObject|ValidatorSanitizeEmptyString|ValidatorString|Validators,,true,,,Mosaic/NodeTypes/GoogleMaps/GoogleMapsElementMResourceData.php
GoogleMapsElementMResourceData,ElementMResourceDataAbstract,free,createDataSimple,zoom,ValidateAllowUndefined|ValidatorDynamicCodeObject|ValidatorInteger|ValidatorIntegerAsString|Validators,,true,,,Mosaic/NodeTypes/GoogleMaps/GoogleMapsElementMResourceData.php
GoogleMapsElementMResourceData,ElementMResourceDataAbstract,free,createDataSimple,maptype,ValidateAllowUndefined|ValidatorAcceptedValues|Validators,roadmap|satellite,true,,,Mosaic/NodeTypes/GoogleMaps/GoogleMapsElementMResourceData.php
GoogleMapsElementMResourceData,ElementMResourceDataAbstract,free,createDataSimple,lazyLoad,ValidateAllowUndefined|ValidatorAcceptedValues|Validators,0|1,true,,,Mosaic/NodeTypes/GoogleMaps/GoogleMapsElementMResourceData.php
IconElementMResourceData,ElementMResourceDataAbstract,free,createDataSimple,svg,ValidateAllowUndefined|ValidatorSvg|Validators,,true,,fill|stroke|color|stop-color|flood-color|lighting-color|width|height|viewBox,Mosaic/NodeTypes/Icon/IconElementMResourceData.php
IconElementMResourceData,ElementMResourceDataAbstract,free,createDataGroup,colors,,,true,,fill|stroke|color|stop-color|flood-color|lighting-color|width|height|viewBox,Mosaic/NodeTypes/Icon/IconElementMResourceData.php
IconElementMResourceData,ElementMResourceDataAbstract,free,createDataSimple,autoScale,ValidateAllowUndefined|ValidatorInteger|ValidatorIntegerAsString|Validators,,true,,fill|stroke|color|stop-color|flood-color|lighting-color|width|height|viewBox,Mosaic/NodeTypes/Icon/IconElementMResourceData.php
ImageElementMResourceData,ElementMResourceDataAbstract,free,createDataSimple,image,ValidateAllowUndefined|ValidatorDynamicCodeObject|ValidatorImageAttachment|ValidatorURL|Validators,,true,,src|alt|width|height|loading|fetchpriority|srcset|sizes,Mosaic/NodeTypes/Image/ImageElementMResourceData.php
ImageElementMResourceData,ElementMResourceDataAbstract,free,createDataSimple,alt,ValidateAllowUndefined|ValidatorDynamicCodeObject|ValidatorString|Validators,,true,,src|alt|width|height|loading|fetchpriority|srcset|sizes,Mosaic/NodeTypes/Image/ImageElementMResourceData.php
ImageElementMResourceData,ElementMResourceDataAbstract,free,createDataSimple,width,ValidateAllowUndefined|ValidatorInteger|ValidatorIntegerAsString|ValidatorSanitizeEmptyString|Validators,,true,,src|alt|width|height|loading|fetchpriority|srcset|sizes,Mosaic/NodeTypes/Image/ImageElementMResourceData.php
ImageElementMResourceData,ElementMResourceDataAbstract,free,createDataSimple,height,ValidateAllowUndefined|ValidatorInteger|ValidatorIntegerAsString|ValidatorSanitizeEmptyString|Validators,,true,,src|alt|width|height|loading|fetchpriority|srcset|sizes,Mosaic/NodeTypes/Image/ImageElementMResourceData.php
ImageElementMResourceData,ElementMResourceDataAbstract,free,createDataSimple,loading,ValidateAllowUndefined|ValidatorAcceptedValues|Validators,eager|lazy,true,,src|alt|width|height|loading|fetchpriority|srcset|sizes,Mosaic/NodeTypes/Image/ImageElementMResourceData.php
ImageElementMResourceData,ElementMResourceDataAbstract,free,createDataSimple,fetchPriority,ValidateAllowUndefined|ValidatorAcceptedValues|Validators,high|low|auto,true,,src|alt|width|height|loading|fetchpriority|srcset|sizes,Mosaic/NodeTypes/Image/ImageElementMResourceData.php
ImageElementMResourceData,ElementMResourceDataAbstract,free,createDataSimple,srcset,ValidateAllowUndefined|ValidatorArray|ValidatorImageAttachment|ValidatorImageSourceRecord|Validators,,true,,src|alt|width|height|loading|fetchpriority|srcset|sizes,Mosaic/NodeTypes/Image/ImageElementMResourceData.php
ImageElementMResourceData,ElementMResourceDataAbstract,free,createDataSimple,sizes,ValidateAllowUndefined|ValidatorArray|ValidatorImageAttachment|ValidatorImageSizeRecord|Validators,,true,,src|alt|width|height|loading|fetchpriority|srcset|sizes,Mosaic/NodeTypes/Image/ImageElementMResourceData.php
ListElementMResourceData,ElementMResourceDataAbstract,free,createDataSimple,listType,ValidateAllowUndefined|ValidatorAcceptedValues|Validators,1|A|a|I|i,true,,type|start,Mosaic/NodeTypes/ListElement/ListElementMResourceData.php
ListElementMResourceData,ElementMResourceDataAbstract,free,createDataSimple,listStart,ValidateAllowUndefined|ValidatorNumberUnit|ValidatorSanitizeEmptyString|Validators,,true,,type|start,Mosaic/NodeTypes/ListElement/ListElementMResourceData.php
ListItemElementMResourceData,ElementMResourceDataAbstract,free,createDataSimple,mode,ValidateAllowUndefined|ValidatorAcceptedValues|Validators,item|beforeMatch|afterMatch|separator,true,,,Mosaic/NodeTypes/ListElement/ListItem/ListItemElementMResourceData.php
LoopItemElementMResourceData,ElementMResourceDataAbstract,free,createDataSimple,mode,ValidateAllowUndefined|ValidatorAcceptedValues|Validators,item|beforeMatch|afterMatch|separator,true,,,Mosaic/NodeTypes/Loop/LoopItems/LoopItem/LoopItemElementMResourceData.php
LoopPaginationNumbersElementMResourceData,ElementMResourceDataAbstract,free,createDataSimple,pagesBefore,ValidateAllowUndefined|ValidatorInteger|ValidatorIntegerAsString|Validators,,true,,data-pages-before|data-pages-after|data-pages-start|data-pages-end,Mosaic/NodeTypes/Loop/LoopPagination/Numbers/LoopPaginationNumbersElementMResourceData.php
LoopPaginationNumbersElementMResourceData,ElementMResourceDataAbstract,free,createDataSimple,pagesAfter,ValidateAllowUndefined|ValidatorInteger|ValidatorIntegerAsString|Validators,,true,,data-pages-before|data-pages-after|data-pages-start|data-pages-end,Mosaic/NodeTypes/Loop/LoopPagination/Numbers/LoopPaginationNumbersElementMResourceData.php
LoopPaginationNumbersElementMResourceData,ElementMResourceDataAbstract,free,createDataSimple,pagesStart,ValidateAllowUndefined|ValidatorInteger|ValidatorIntegerAsString|Validators,,true,,data-pages-before|data-pages-after|data-pages-start|data-pages-end,Mosaic/NodeTypes/Loop/LoopPagination/Numbers/LoopPaginationNumbersElementMResourceData.php
LoopPaginationNumbersElementMResourceData,ElementMResourceDataAbstract,free,createDataSimple,pagesEnd,ValidateAllowUndefined|ValidatorInteger|ValidatorIntegerAsString|Validators,,true,,data-pages-before|data-pages-after|data-pages-start|data-pages-end,Mosaic/NodeTypes/Loop/LoopPagination/Numbers/LoopPaginationNumbersElementMResourceData.php
AbstractDropdownElementMResourceData,ElementMResourceDataAbstract,free,createDataSimple,openOn,ValidateAllowUndefined|ValidatorAcceptedValues|Validators,click|hover,true,,,Mosaic/NodeTypes/Menu/Dropdown/AbstractDropdownElementMResourceData.php
AbstractDropdownElementMResourceData,ElementMResourceDataAbstract,free,createDataSimple,animation,ValidateAllowUndefined|ValidatorAcceptedValues|Validators,none|fade|fadeDown|fadeUp|scaleDown|flipDown,true,,,Mosaic/NodeTypes/Menu/Dropdown/AbstractDropdownElementMResourceData.php
DropdownToggleElementMResourceData,ElementMResourceDataAbstract,free,createDataSimple,url,ValidateAllowUndefined|ValidatorDynamicCodeObject|ValidatorSanitizeEmptyString|ValidatorURL|ValidatorUrlObject|Validators,,true,,href|target|rel,Mosaic/NodeTypes/Menu/Dropdown/DropdownToggle/DropdownToggleElementMResourceData.php
DropdownToggleElementMResourceData,ElementMResourceDataAbstract,free,createDataSimple,target,ValidateAllowUndefined|ValidatorAcceptedValues|Validators,_self|_blank|_parent|_top,true,,href|target|rel,Mosaic/NodeTypes/Menu/Dropdown/DropdownToggle/DropdownToggleElementMResourceData.php
DropdownToggleElementMResourceData,ElementMResourceDataAbstract,free,createDataSimple,rel,ValidateAllowUndefined|ValidatorArray|ValidatorString|Validators,,true,,href|target|rel,Mosaic/NodeTypes/Menu/Dropdown/DropdownToggle/DropdownToggleElementMResourceData.php
DropdownElementMResourceData,AbstractDropdownElementMResourceData,free,createDataSimple,horizontalAlign,ValidateAllowUndefined|ValidatorAcceptedValues|Validators,left|center|right,true,,data-open-on|data-animation|data-horizontal-align,Mosaic/NodeTypes/Menu/Dropdown/Dropdown/DropdownElementMResourceData.php
MenuLinkElementMResourceData,ElementMResourceDataAbstract,free,createDataSimple,url,ValidateAllowUndefined|ValidatorDynamicCodeObject|ValidatorSanitizeEmptyString|ValidatorURL|ValidatorUrlObject|Validators,,true,,href|target|rel,Mosaic/NodeTypes/Menu/MenuLink/MenuLinkElementMResourceData.php
MenuLinkElementMResourceData,ElementMResourceDataAbstract,free,createDataSimple,target,ValidateAllowUndefined|ValidatorAcceptedValues|Validators,_self|_blank|_parent|_top,true,,href|target|rel,Mosaic/NodeTypes/Menu/MenuLink/MenuLinkElementMResourceData.php
MenuLinkElementMResourceData,ElementMResourceDataAbstract,free,createDataSimple,rel,ValidateAllowUndefined|ValidatorArray|ValidatorString|Validators,,true,,href|target|rel,Mosaic/NodeTypes/Menu/MenuLink/MenuLinkElementMResourceData.php
WPMenuElementMResourceData,ElementMResourceDataAbstract,free,createDataSimple,menuID,ValidateAllowUndefined|ValidatorDynamicCodeObject|ValidatorWPMenuTermID|Validators,,true,,,Mosaic/NodeTypes/Menu/WPMenu/WPMenuElementMResourceData.php
NavbarElementMResourceData,ElementMResourceDataAbstract,free,createDataSimple,buttonBreakpoint,ValidateAllowUndefined|ValidatorAcceptedValues|ValidatorBreakpoint|Validators,none,true,,data-animation|data-toggle-breakpoint-id,Mosaic/NodeTypes/Navbar/NavbarElementMResourceData.php
NavbarElementMResourceData,ElementMResourceDataAbstract,free,createDataSimple,animation,ValidateAllowUndefined|ValidatorAcceptedValues|Validators,none|fade|fadeDown|fadeUp|scaleDown|flipDown,true,,data-animation|data-toggle-breakpoint-id,Mosaic/NodeTypes/Navbar/NavbarElementMResourceData.php
NavbarElementMResourceData,ElementMResourceDataAbstract,free,createDataSimple,disableScroll,ValidateAllowUndefined|ValidatorAcceptedValues|Validators,0|1,true,,data-animation|data-toggle-breakpoint-id,Mosaic/NodeTypes/Navbar/NavbarElementMResourceData.php
NodeMResourceDataAbstract,MResourceDataAbstract,free,createDataSimple,currentStatus,ValidatorAcceptedValues,,,,,Mosaic/NodeTypes/NodeAbstract/NodeMResourceDataAbstract.php
NodeMResourceDataAbstract,MResourceDataAbstract,free,createDataGroup,override,,,true,,,Mosaic/NodeTypes/NodeAbstract/NodeMResourceDataAbstract.php
CodeElementMResourceData,ElementMResourceDataAbstract,pro,createDataSimple,insertLocation,ValidateAllowUndefined|ValidatorAcceptedValues|Validators,inPlace|head|bodyStart|bodyEnd,true,,,Mosaic/NodeTypes/Pro/Code/CodeElementMResourceData.php
CodeElementMResourceData,ElementMResourceDataAbstract,pro,createDataSimple,content,ValidateAllowUndefined|ValidatorString|Validators,,true,,,Mosaic/NodeTypes/Pro/Code/CodeElementMResourceData.php
CodeElementMResourceData,ElementMResourceDataAbstract,pro,createDataSimple,processShortcodes,ValidateAllowUndefined|ValidatorAcceptedValues|Validators,0|1,true,,,Mosaic/NodeTypes/Pro/Code/CodeElementMResourceData.php
FormElementMResourceData,ElementMResourceDataAbstract,pro,createDataSimple,submitType,ValidateAllowUndefined|ValidatorAcceptedValues|Validators,,true,,,Mosaic/NodeTypes/Pro/Form/Form/FormElementMResourceData.php
CheckboxInputElementMResourceData,ElementMResourceDataAbstract,pro,createDataSimple,value,ValidateAllowUndefined|ValidatorString|Validators,,true,,name|value|checked|required,Mosaic/NodeTypes/Pro/Form/Form/MElements/Checkbox/CheckboxInput/CheckboxInputElementMResourceData.php
CheckboxInputElementMResourceData,ElementMResourceDataAbstract,pro,createDataSimple,checked,ValidateAllowUndefined|ValidatorInteger|ValidatorIntegerAsString|Validators,,true,,name|value|checked|required,Mosaic/NodeTypes/Pro/Form/Form/MElements/Checkbox/CheckboxInput/CheckboxInputElementMResourceData.php
CheckboxInputElementMResourceData,ElementMResourceDataAbstract,pro,createDataSimple,required,ValidateAllowUndefined|ValidatorInteger|ValidatorIntegerAsString|Validators,,true,,name|value|checked|required,Mosaic/NodeTypes/Pro/Form/Form/MElements/Checkbox/CheckboxInput/CheckboxInputElementMResourceData.php
ChoiceFieldElementMResourceData,ElementMResourceDataAbstract,pro,createDataSimple,nameAttribute,ValidateAllowUndefined|ValidatorInputNameAttribute|Validators,,true,,,Mosaic/NodeTypes/Pro/Form/Form/MElements/ChoiceField/ChoiceFieldElementMResourceData.php
ChoiceFieldElementMResourceData,ElementMResourceDataAbstract,pro,createDataSimple,defaultValue,ValidateAllowUndefined|ValidatorInputDefaultValue|Validators,,true,,,Mosaic/NodeTypes/Pro/Form/Form/MElements/ChoiceField/ChoiceFieldElementMResourceData.php
ChoiceFieldElementMResourceData,ElementMResourceDataAbstract,pro,createDataSimple,required,ValidateAllowUndefined|ValidatorInteger|ValidatorIntegerAsString|Validators,,true,,,Mosaic/NodeTypes/Pro/Form/Form/MElements/ChoiceField/ChoiceFieldElementMResourceData.php
ChoiceFieldElementMResourceData,ElementMResourceDataAbstract,pro,createDataSimple,requiredMin,ValidateAllowUndefined|ValidatorInteger|ValidatorIntegerAsString|Validators,,true,,,Mosaic/NodeTypes/Pro/Form/Form/MElements/ChoiceField/ChoiceFieldElementMResourceData.php
ChoiceFieldElementMResourceData,ElementMResourceDataAbstract,pro,createDataSimple,logging,ValidateAllowUndefined|ValidatorAcceptedValues|Validators,store|mask|exclude,true,,,Mosaic/NodeTypes/Pro/Form/Form/MElements/ChoiceField/ChoiceFieldElementMResourceData.php
FileUploadElementMResourceData,ElementMResourceDataAbstract,pro,createDataSimple,nameAttribute,ValidateAllowUndefined|ValidatorInputNameAttribute|Validators,,true,,name|accept|multiple|required,Mosaic/NodeTypes/Pro/Form/Form/MElements/FileUpload/FileUploadElementMResourceData.php
FileUploadElementMResourceData,ElementMResourceDataAbstract,pro,createDataSimple,accept,ValidateAllowUndefined|ValidatorFileExtensionList|ValidatorSanitizeEmptyString|Validators,,true,,name|accept|multiple|required,Mosaic/NodeTypes/Pro/Form/Form/MElements/FileUpload/FileUploadElementMResourceData.php
FileUploadElementMResourceData,ElementMResourceDataAbstract,pro,createDataSimple,multiple,ValidateAllowUndefined|ValidatorInteger|ValidatorIntegerAsString|Validators,,true,,name|accept|multiple|required,Mosaic/NodeTypes/Pro/Form/Form/MElements/FileUpload/FileUploadElementMResourceData.php
FileUploadElementMResourceData,ElementMResourceDataAbstract,pro,createDataSimple,required,ValidateAllowUndefined|ValidatorInteger|ValidatorIntegerAsString|Validators,,true,,name|accept|multiple|required,Mosaic/NodeTypes/Pro/Form/Form/MElements/FileUpload/FileUploadElementMResourceData.php
FileUploadElementMResourceData,ElementMResourceDataAbstract,pro,createDataSimple,logging,ValidateAllowUndefined|ValidatorAcceptedValues|Validators,store|mask,true,,name|accept|multiple|required,Mosaic/NodeTypes/Pro/Form/Form/MElements/FileUpload/FileUploadElementMResourceData.php
FileUploadElementMResourceData,ElementMResourceDataAbstract,pro,createDataSimple,mediaLibrary,ValidateAllowUndefined|ValidatorInteger|ValidatorIntegerAsString|Validators,,true,,name|accept|multiple|required,Mosaic/NodeTypes/Pro/Form/Form/MElements/FileUpload/FileUploadElementMResourceData.php
HiddenInputElementMResourceData,ElementMResourceDataAbstract,pro,createDataSimple,nameAttribute,ValidateAllowUndefined|ValidatorInputNameAttribute|Validators,,true,,name,Mosaic/NodeTypes/Pro/Form/Form/MElements/HiddenInput/HiddenInputElementMResourceData.php
HiddenInputElementMResourceData,ElementMResourceDataAbstract,pro,createDataSimple,defaultValue,ValidateAllowUndefined|ValidatorInputDefaultValue|Validators,,true,,name,Mosaic/NodeTypes/Pro/Form/Form/MElements/HiddenInput/HiddenInputElementMResourceData.php
HiddenInputElementMResourceData,ElementMResourceDataAbstract,pro,createDataSimple,logging,ValidateAllowUndefined|ValidatorAcceptedValues|Validators,store|mask|exclude,true,,name,Mosaic/NodeTypes/Pro/Form/Form/MElements/HiddenInput/HiddenInputElementMResourceData.php
InputTextElementMResourceData,ElementMResourceDataAbstract,pro,createDataSimple,type,ValidateAllowUndefined|ValidatorAcceptedValues|Validators,,true,,,Mosaic/NodeTypes/Pro/Form/Form/MElements/InputText/InputTextElementMResourceData.php
InputTextElementMResourceData,ElementMResourceDataAbstract,pro,createDataSimple,nameAttribute,ValidateAllowUndefined|ValidatorInputNameAttribute|Validators,,true,,,Mosaic/NodeTypes/Pro/Form/Form/MElements/InputText/InputTextElementMResourceData.php
InputTextElementMResourceData,ElementMResourceDataAbstract,pro,createDataSimple,defaultValue,ValidateAllowUndefined|ValidatorInputDefaultValue|Validators,,true,,,Mosaic/NodeTypes/Pro/Form/Form/MElements/InputText/InputTextElementMResourceData.php
InputTextElementMResourceData,ElementMResourceDataAbstract,pro,createDataSimple,required,ValidateAllowUndefined|ValidatorInteger|ValidatorIntegerAsString|Validators,,true,,,Mosaic/NodeTypes/Pro/Form/Form/MElements/InputText/InputTextElementMResourceData.php
InputTextElementMResourceData,ElementMResourceDataAbstract,pro,createDataSimple,readonly,ValidateAllowUndefined|ValidatorInteger|ValidatorIntegerAsString|Validators,,true,,,Mosaic/NodeTypes/Pro/Form/Form/MElements/InputText/InputTextElementMResourceData.php
InputTextElementMResourceData,ElementMResourceDataAbstract,pro,createDataSimple,disabled,ValidateAllowUndefined|ValidatorInteger|ValidatorIntegerAsString|Validators,,true,,,Mosaic/NodeTypes/Pro/Form/Form/MElements/InputText/InputTextElementMResourceData.php
InputTextElementMResourceData,ElementMResourceDataAbstract,pro,createDataSimple,placeholderText,ValidateAllowUndefined|ValidatorString|Validators,,true,,,Mosaic/NodeTypes/Pro/Form/Form/MElements/InputText/InputTextElementMResourceData.php
InputTextElementMResourceData,ElementMResourceDataAbstract,pro,createDataSimple,autocomplete,ValidateAllowUndefined|ValidatorAutocompleteAttribute|Validators,,true,,,Mosaic/NodeTypes/Pro/Form/Form/MElements/InputText/InputTextElementMResourceData.php
InputTextElementMResourceData,ElementMResourceDataAbstract,pro,createDataSimple,logging,ValidateAllowUndefined|ValidatorAcceptedValues|Validators,store|mask|exclude,true,,,Mosaic/NodeTypes/Pro/Form/Form/MElements/InputText/InputTextElementMResourceData.php
FormStepElementMResourceData,ElementMResourceDataAbstract,pro,createDataSimple,stepIndex,ValidatorInteger|ValidatorIntegerAsInteger,,,,data-step-id,Mosaic/NodeTypes/Pro/Form/Form/MElements/MultiSteps/Forms/FormStep/FormStepElementMResourceData.php
FormStepElementMResourceData,ElementMResourceDataAbstract,pro,createDataSimple,stepActive,ValidatorBoolean,,,,data-step-id,Mosaic/NodeTypes/Pro/Form/Form/MElements/MultiSteps/Forms/FormStep/FormStepElementMResourceData.php
StepElementMResourceData,ElementMResourceDataAbstract,pro,createDataSimple,stepIndex,ValidatorInteger|ValidatorIntegerAsInteger,,,,onclick,Mosaic/NodeTypes/Pro/Form/Form/MElements/MultiSteps/Steps/Step/StepElementMResourceData.php
StepElementMResourceData,ElementMResourceDataAbstract,pro,createDataSimple,stepActive,ValidatorBoolean,,,,onclick,Mosaic/NodeTypes/Pro/Form/Form/MElements/MultiSteps/Steps/Step/StepElementMResourceData.php
RadioInputElementMResourceData,ElementMResourceDataAbstract,pro,createDataSimple,value,ValidateAllowUndefined|ValidatorString|Validators,,true,,name|value|checked,Mosaic/NodeTypes/Pro/Form/Form/MElements/Radio/RadioInput/RadioInputElementMResourceData.php
RadioInputElementMResourceData,ElementMResourceDataAbstract,pro,createDataSimple,checked,ValidateAllowUndefined|ValidatorInteger|ValidatorIntegerAsString|Validators,,true,,name|value|checked,Mosaic/NodeTypes/Pro/Form/Form/MElements/Radio/RadioInput/RadioInputElementMResourceData.php
RecaptchaElementMResourceData,ElementMResourceDataAbstract,pro,createDataSimple,action,ValidateAllowUndefined|ValidatorString|Validators,,true,,data-mosaic-recaptcha|data-sitekey|data-action|data-response-field-name|id,Mosaic/NodeTypes/Pro/Form/Form/MElements/Recaptcha/RecaptchaElementMResourceData.php
OptionElementMResourceData,ElementMResourceDataAbstract,pro,createDataSimple,value,ValidateAllowUndefined|ValidatorString|Validators,,true,,value|selected|disabled,Mosaic/NodeTypes/Pro/Form/Form/MElements/Select/Option/OptionElementMResourceData.php
OptionElementMResourceData,ElementMResourceDataAbstract,pro,createDataSimple,text,ValidateAllowUndefined|ValidatorString|Validators,,true,,value|selected|disabled,Mosaic/NodeTypes/Pro/Form/Form/MElements/Select/Option/OptionElementMResourceData.php
OptionElementMResourceData,ElementMResourceDataAbstract,pro,createDataSimple,selected,ValidateAllowUndefined|ValidatorInteger|ValidatorIntegerAsString|Validators,,true,,value|selected|disabled,Mosaic/NodeTypes/Pro/Form/Form/MElements/Select/Option/OptionElementMResourceData.php
OptionElementMResourceData,ElementMResourceDataAbstract,pro,createDataSimple,disabled,ValidateAllowUndefined|ValidatorInteger|ValidatorIntegerAsString|Validators,,true,,value|selected|disabled,Mosaic/NodeTypes/Pro/Form/Form/MElements/Select/Option/OptionElementMResourceData.php
SelectElementMResourceData,ElementMResourceDataAbstract,pro,createDataSimple,nameAttribute,ValidateAllowUndefined|ValidatorInputNameAttribute|Validators,,true,,name|multiple|required|size,Mosaic/NodeTypes/Pro/Form/Form/MElements/Select/SelectElementMResourceData.php
SelectElementMResourceData,ElementMResourceDataAbstract,pro,createDataSimple,defaultValue,ValidateAllowUndefined|ValidatorInputDefaultValue|Validators,,true,,name|multiple|required|size,Mosaic/NodeTypes/Pro/Form/Form/MElements/Select/SelectElementMResourceData.php
SelectElementMResourceData,ElementMResourceDataAbstract,pro,createDataSimple,multiple,ValidateAllowUndefined|ValidatorInteger|ValidatorIntegerAsString|Validators,,true,,name|multiple|required|size,Mosaic/NodeTypes/Pro/Form/Form/MElements/Select/SelectElementMResourceData.php
SelectElementMResourceData,ElementMResourceDataAbstract,pro,createDataSimple,required,ValidateAllowUndefined|ValidatorInteger|ValidatorIntegerAsString|Validators,,true,,name|multiple|required|size,Mosaic/NodeTypes/Pro/Form/Form/MElements/Select/SelectElementMResourceData.php
SelectElementMResourceData,ElementMResourceDataAbstract,pro,createDataSimple,size,ValidateAllowUndefined|ValidatorInteger|ValidatorIntegerAsString|Validators,,true,,name|multiple|required|size,Mosaic/NodeTypes/Pro/Form/Form/MElements/Select/SelectElementMResourceData.php
SelectElementMResourceData,ElementMResourceDataAbstract,pro,createDataSimple,logging,ValidateAllowUndefined|ValidatorAcceptedValues|Validators,store|mask|exclude,true,,name|multiple|required|size,Mosaic/NodeTypes/Pro/Form/Form/MElements/Select/SelectElementMResourceData.php
TextAreaElementMResourceData,ElementMResourceDataAbstract,pro,createDataSimple,nameAttribute,ValidateAllowUndefined|ValidatorInputNameAttribute|Validators,,true,,name|placeholder|minlength|maxlength|required|autocomplete,Mosaic/NodeTypes/Pro/Form/Form/MElements/TextArea/TextAreaElementMResourceData.php
TextAreaElementMResourceData,ElementMResourceDataAbstract,pro,createDataSimple,defaultValue,ValidateAllowUndefined|ValidatorInputDefaultValue|Validators,,true,,name|placeholder|minlength|maxlength|required|autocomplete,Mosaic/NodeTypes/Pro/Form/Form/MElements/TextArea/TextAreaElementMResourceData.php
TextAreaElementMResourceData,ElementMResourceDataAbstract,pro,createDataSimple,placeholderText,ValidateAllowUndefined|ValidatorString|Validators,,true,,name|placeholder|minlength|maxlength|required|autocomplete,Mosaic/NodeTypes/Pro/Form/Form/MElements/TextArea/TextAreaElementMResourceData.php
TextAreaElementMResourceData,ElementMResourceDataAbstract,pro,createDataSimple,minlength,ValidateAllowUndefined|ValidatorInteger|ValidatorIntegerAsString|ValidatorSanitizeEmptyString|Validators,,true,,name|placeholder|minlength|maxlength|required|autocomplete,Mosaic/NodeTypes/Pro/Form/Form/MElements/TextArea/TextAreaElementMResourceData.php
TextAreaElementMResourceData,ElementMResourceDataAbstract,pro,createDataSimple,maxlength,ValidateAllowUndefined|ValidatorInteger|ValidatorIntegerAsString|ValidatorSanitizeEmptyString|Validators,,true,,name|placeholder|minlength|maxlength|required|autocomplete,Mosaic/NodeTypes/Pro/Form/Form/MElements/TextArea/TextAreaElementMResourceData.php
TextAreaElementMResourceData,ElementMResourceDataAbstract,pro,createDataSimple,autocomplete,ValidateAllowUndefined|ValidatorAutocompleteAttribute|Validators,,true,,name|placeholder|minlength|maxlength|required|autocomplete,Mosaic/NodeTypes/Pro/Form/Form/MElements/TextArea/TextAreaElementMResourceData.php
TextAreaElementMResourceData,ElementMResourceDataAbstract,pro,createDataSimple,required,ValidateAllowUndefined|ValidatorInteger|ValidatorIntegerAsString|Validators,,true,,name|placeholder|minlength|maxlength|required|autocomplete,Mosaic/NodeTypes/Pro/Form/Form/MElements/TextArea/TextAreaElementMResourceData.php
TextAreaElementMResourceData,ElementMResourceDataAbstract,pro,createDataSimple,logging,ValidateAllowUndefined|ValidatorAcceptedValues|Validators,store|mask|exclude,true,,name|placeholder|minlength|maxlength|required|autocomplete,Mosaic/NodeTypes/Pro/Form/Form/MElements/TextArea/TextAreaElementMResourceData.php
TurnstileElementMResourceData,ElementMResourceDataAbstract,pro,createDataSimple,theme,ValidateAllowUndefined|ValidatorAcceptedValues|Validators,auto|light|dark,true,,data-mosaic-turnstile|data-sitekey|data-theme|data-size|data-appearance|data-response-field-name|id,Mosaic/NodeTypes/Pro/Form/Form/MElements/Turnstile/TurnstileElementMResourceData.php
TurnstileElementMResourceData,ElementMResourceDataAbstract,pro,createDataSimple,size,ValidateAllowUndefined|ValidatorAcceptedValues|Validators,normal|flexible|compact,true,,data-mosaic-turnstile|data-sitekey|data-theme|data-size|data-appearance|data-response-field-name|id,Mosaic/NodeTypes/Pro/Form/Form/MElements/Turnstile/TurnstileElementMResourceData.php
TurnstileElementMResourceData,ElementMResourceDataAbstract,pro,createDataSimple,appearance,ValidateAllowUndefined|ValidatorAcceptedValues|Validators,always|execute|interaction-only,true,,data-mosaic-turnstile|data-sitekey|data-theme|data-size|data-appearance|data-response-field-name|id,Mosaic/NodeTypes/Pro/Form/Form/MElements/Turnstile/TurnstileElementMResourceData.php
SliderElementMResourceData,ElementMResourceDataAbstract,pro,createDataSimple,duration,ValidateAllowUndefined|ValidatorInteger|ValidatorIntegerAsString|Validators,,true,,data-animation-type|data-duration|data-easing|data-autoplay|data-autoplay-delay|data-autoplay-limit|data-carousel|data-default-slide-index|data-slide-label|role|aria-roledescription,Mosaic/NodeTypes/Pro/Slider/SliderElementMResourceData.php
SliderElementMResourceData,ElementMResourceDataAbstract,pro,createDataSimple,easing,ValidateAllowUndefined|ValidatorAcceptedValues|Validators,,true,,data-animation-type|data-duration|data-easing|data-autoplay|data-autoplay-delay|data-autoplay-limit|data-carousel|data-default-slide-index|data-slide-label|role|aria-roledescription,Mosaic/NodeTypes/Pro/Slider/SliderElementMResourceData.php
SliderElementMResourceData,ElementMResourceDataAbstract,pro,createDataSimple,animation,ValidateAllowUndefined|ValidatorAcceptedValues|Validators,slide|crossFade|fadeOut|fadeOver,true,,data-animation-type|data-duration|data-easing|data-autoplay|data-autoplay-delay|data-autoplay-limit|data-carousel|data-default-slide-index|data-slide-label|role|aria-roledescription,Mosaic/NodeTypes/Pro/Slider/SliderElementMResourceData.php
SliderElementMResourceData,ElementMResourceDataAbstract,pro,createDataSimple,isAutoplay,ValidateAllowUndefined|ValidatorAcceptedValues|Validators,0|1,true,,data-animation-type|data-duration|data-easing|data-autoplay|data-autoplay-delay|data-autoplay-limit|data-carousel|data-default-slide-index|data-slide-label|role|aria-roledescription,Mosaic/NodeTypes/Pro/Slider/SliderElementMResourceData.php
SliderElementMResourceData,ElementMResourceDataAbstract,pro,createDataSimple,autoplayDelay,ValidateAllowUndefined|ValidatorInteger|ValidatorIntegerAsString|Validators,,true,,data-animation-type|data-duration|data-easing|data-autoplay|data-autoplay-delay|data-autoplay-limit|data-carousel|data-default-slide-index|data-slide-label|role|aria-roledescription,Mosaic/NodeTypes/Pro/Slider/SliderElementMResourceData.php
SliderElementMResourceData,ElementMResourceDataAbstract,pro,createDataSimple,autoplayLimit,ValidateAllowUndefined|ValidatorInteger|ValidatorIntegerAsString|Validators,,true,,data-animation-type|data-duration|data-easing|data-autoplay|data-autoplay-delay|data-autoplay-limit|data-carousel|data-default-slide-index|data-slide-label|role|aria-roledescription,Mosaic/NodeTypes/Pro/Slider/SliderElementMResourceData.php
SliderElementMResourceData,ElementMResourceDataAbstract,pro,createDataSimple,isCarousel,ValidateAllowUndefined|ValidatorAcceptedValues|Validators,0|1,true,,data-animation-type|data-duration|data-easing|data-autoplay|data-autoplay-delay|data-autoplay-limit|data-carousel|data-default-slide-index|data-slide-label|role|aria-roledescription,Mosaic/NodeTypes/Pro/Slider/SliderElementMResourceData.php
SliderElementMResourceData,ElementMResourceDataAbstract,pro,createDataSimple,defaultSlideIndex,ValidateAllowUndefined|ValidatorInteger|ValidatorIntegerAsString|Validators,,true,,data-animation-type|data-duration|data-easing|data-autoplay|data-autoplay-delay|data-autoplay-limit|data-carousel|data-default-slide-index|data-slide-label|role|aria-roledescription,Mosaic/NodeTypes/Pro/Slider/SliderElementMResourceData.php
SliderElementMResourceData,ElementMResourceDataAbstract,pro,createDataSimple,ariaLabel,ValidateAllowUndefined|ValidatorString|Validators,,true,,data-animation-type|data-duration|data-easing|data-autoplay|data-autoplay-delay|data-autoplay-limit|data-carousel|data-default-slide-index|data-slide-label|role|aria-roledescription,Mosaic/NodeTypes/Pro/Slider/SliderElementMResourceData.php
SliderSlideElementMResourceData,ElementMResourceDataAbstract,pro,createDataSimple,image,ValidateAllowUndefined|ValidatorAcceptedValues|ValidatorDynamicCodeObject|ValidatorImageAttachment|ValidatorURL|Validators,,true,,,Mosaic/NodeTypes/Pro/Slider/SliderSlides/SliderSlide/SliderSlideElementMResourceData.php
SliderSlideElementMResourceData,ElementMResourceDataAbstract,pro,createDataSimple,positionX,ValidateAllowUndefined|ValidatorStyleBackground|ValidatorStyleBackgroundPosition|Validators,,true,,,Mosaic/NodeTypes/Pro/Slider/SliderSlides/SliderSlide/SliderSlideElementMResourceData.php
SliderSlideElementMResourceData,ElementMResourceDataAbstract,pro,createDataSimple,positionY,ValidateAllowUndefined|ValidatorStyleBackground|ValidatorStyleBackgroundPosition|Validators,,true,,,Mosaic/NodeTypes/Pro/Slider/SliderSlides/SliderSlide/SliderSlideElementMResourceData.php
SliderSlideElementMResourceData,ElementMResourceDataAbstract,pro,createDataSimple,alt,ValidateAllowUndefined|ValidatorDynamicCodeObject|ValidatorString|Validators,,true,,,Mosaic/NodeTypes/Pro/Slider/SliderSlides/SliderSlide/SliderSlideElementMResourceData.php
SliderSlideElementMResourceData,ElementMResourceDataAbstract,pro,createDataSimple,srcset,ValidateAllowUndefined|ValidatorArray|ValidatorImageAttachment|ValidatorImageSourceRecord|Validators,,true,,,Mosaic/NodeTypes/Pro/Slider/SliderSlides/SliderSlide/SliderSlideElementMResourceData.php
SliderSlideElementMResourceData,ElementMResourceDataAbstract,pro,createDataSimple,sizes,ValidateAllowUndefined|ValidatorArray|ValidatorImageAttachment|ValidatorImageSizeRecord|Validators,,true,,,Mosaic/NodeTypes/Pro/Slider/SliderSlides/SliderSlide/SliderSlideElementMResourceData.php
SliderSlideElementMResourceData,ElementMResourceDataAbstract,pro,createDataSimple,useAsBackground,ValidateAllowUndefined|ValidatorAcceptedValues|Validators,0|1,true,,,Mosaic/NodeTypes/Pro/Slider/SliderSlides/SliderSlide/SliderSlideElementMResourceData.php
SliderSlideElementMResourceData,ElementMResourceDataAbstract,pro,createDataSimple,title,ValidateAllowUndefined|ValidatorDynamicCodeObject|ValidatorString|Validators,,true,,,Mosaic/NodeTypes/Pro/Slider/SliderSlides/SliderSlide/SliderSlideElementMResourceData.php
SliderSlideElementMResourceData,ElementMResourceDataAbstract,pro,createDataSimple,thumbnail,ValidateAllowUndefined|ValidatorDynamicCodeObject|ValidatorImageAttachment|ValidatorURL|Validators,,true,,,Mosaic/NodeTypes/Pro/Slider/SliderSlides/SliderSlide/SliderSlideElementMResourceData.php
SliderSlideElementMResourceData,ElementMResourceDataAbstract,pro,createDataSimple,thumbnailAlt,ValidateAllowUndefined|ValidatorDynamicCodeObject|ValidatorString|Validators,,true,,,Mosaic/NodeTypes/Pro/Slider/SliderSlides/SliderSlide/SliderSlideElementMResourceData.php
SliderSlideElementMResourceData,ElementMResourceDataAbstract,pro,createDataSimple,mode,ValidateAllowUndefined|ValidatorAcceptedValues|Validators,item|beforeMatch|afterMatch|separator,true,,,Mosaic/NodeTypes/Pro/Slider/SliderSlides/SliderSlide/SliderSlideElementMResourceData.php
TabsElementMResourceData,ElementMResourceDataAbstract,pro,createDataSimple,defaultTabIndex,ValidateAllowUndefined|ValidatorInteger|ValidatorIntegerAsString|Validators,,true,,,Mosaic/NodeTypes/Pro/Tabs/TabsElementMResourceData.php
TabElementMResourceData,ElementMResourceDataAbstract,pro,createDataSimple,mode,ValidateAllowUndefined|ValidatorAcceptedValues|Validators,item|beforeMatch|afterMatch|separator,true,,,Mosaic/NodeTypes/Pro/Tabs/TabsMenu/Tab/TabElementMResourceData.php
SGEntryContentImageImgElementMResourceData,ElementMResourceDataAbstract,free,createDataSimple,image,ValidateAllowUndefined|ValidatorImageAttachment|ValidatorURL|Validators,,,,src,Mosaic/NodeTypes/SG/SGEntryContent/SGEntryContentImage/SGEntryContentImageImg/SGEntryContentImageImgElementMResourceData.php
SectionElementMResourceData,ElementMResourceDataAbstract,free,createDataSimple,tagName,ValidateAllowUndefined|ValidatorTagName|Validators,,true,,,Mosaic/NodeTypes/Section/SectionElementMResourceData.php
TextElementMResourceData,ElementMResourceDataAbstract,free,createDataSimple,tagName,ValidateAllowUndefined|ValidatorTagName|Validators,,true,,,Mosaic/NodeTypes/Text/TextElementMResourceData.php
VideoElementMResourceData,ElementMResourceDataAbstract,free,createDataSimple,video,ValidateAllowUndefined|ValidatorDynamicCodeObject|ValidatorURL|ValidatorVideoAttachment|Validators,,true,,src|autoplay|muted|loop|controls|playsinline|width|height|poster|preload,Mosaic/NodeTypes/Video/VideoElementMResourceData.php
VideoElementMResourceData,ElementMResourceDataAbstract,free,createDataSimple,sources,ValidateAllowUndefined|ValidatorArray|ValidatorVideoAttachment|ValidatorVideoSourceRecord|Validators,,true,,src|autoplay|muted|loop|controls|playsinline|width|height|poster|preload,Mosaic/NodeTypes/Video/VideoElementMResourceData.php
VideoElementMResourceData,ElementMResourceDataAbstract,free,createDataSimple,autoplay,ValidateAllowUndefined|ValidatorAcceptedValues|Validators,0|1,true,,src|autoplay|muted|loop|controls|playsinline|width|height|poster|preload,Mosaic/NodeTypes/Video/VideoElementMResourceData.php
VideoElementMResourceData,ElementMResourceDataAbstract,free,createDataSimple,muted,ValidateAllowUndefined|ValidatorAcceptedValues|Validators,0|1,true,,src|autoplay|muted|loop|controls|playsinline|width|height|poster|preload,Mosaic/NodeTypes/Video/VideoElementMResourceData.php
VideoElementMResourceData,ElementMResourceDataAbstract,free,createDataSimple,loop,ValidateAllowUndefined|ValidatorAcceptedValues|Validators,0|1,true,,src|autoplay|muted|loop|controls|playsinline|width|height|poster|preload,Mosaic/NodeTypes/Video/VideoElementMResourceData.php
VideoElementMResourceData,ElementMResourceDataAbstract,free,createDataSimple,controls,ValidateAllowUndefined|ValidatorAcceptedValues|Validators,0|1,true,,src|autoplay|muted|loop|controls|playsinline|width|height|poster|preload,Mosaic/NodeTypes/Video/VideoElementMResourceData.php
VideoElementMResourceData,ElementMResourceDataAbstract,free,createDataSimple,playsinline,ValidateAllowUndefined|ValidatorAcceptedValues|Validators,0|1,true,,src|autoplay|muted|loop|controls|playsinline|width|height|poster|preload,Mosaic/NodeTypes/Video/VideoElementMResourceData.php
VideoElementMResourceData,ElementMResourceDataAbstract,free,createDataSimple,width,ValidateAllowUndefined|ValidatorInteger|ValidatorIntegerAsString|ValidatorSanitizeEmptyString|Validators,,true,,src|autoplay|muted|loop|controls|playsinline|width|height|poster|preload,Mosaic/NodeTypes/Video/VideoElementMResourceData.php
VideoElementMResourceData,ElementMResourceDataAbstract,free,createDataSimple,height,ValidateAllowUndefined|ValidatorInteger|ValidatorIntegerAsString|ValidatorSanitizeEmptyString|Validators,,true,,src|autoplay|muted|loop|controls|playsinline|width|height|poster|preload,Mosaic/NodeTypes/Video/VideoElementMResourceData.php
VideoElementMResourceData,ElementMResourceDataAbstract,free,createDataSimple,preload,ValidateAllowUndefined|ValidatorAcceptedValues|Validators,auto|metadata|none,true,,src|autoplay|muted|loop|controls|playsinline|width|height|poster|preload,Mosaic/NodeTypes/Video/VideoElementMResourceData.php
VideoElementMResourceData,ElementMResourceDataAbstract,free,createDataSimple,poster,ValidateAllowUndefined|ValidatorDynamicCodeObject|ValidatorImageAttachment|ValidatorURL|Validators,,true,,src|autoplay|muted|loop|controls|playsinline|width|height|poster|preload,Mosaic/NodeTypes/Video/VideoElementMResourceData.php
VideoElementMResourceData,ElementMResourceDataAbstract,free,createDataSimple,threshold,ValidateAllowUndefined|ValidatorInteger|ValidatorIntegerAsString|Validators,,true,,src|autoplay|muted|loop|controls|playsinline|width|height|poster|preload,Mosaic/NodeTypes/Video/VideoElementMResourceData.php
VimeoElementMResourceData,ElementMResourceDataAbstract,free,createDataSimple,vimeoUrl,ValidateAllowUndefined|ValidatorDynamicCodeObject|ValidatorSanitizeEmptyString|ValidatorVimeoUrl|Validators,,true,,data-autoplay|data-mute|data-playsinline,Mosaic/NodeTypes/Vimeo/VimeoElementMResourceData.php
VimeoElementMResourceData,ElementMResourceDataAbstract,free,createDataSimple,autoplay,ValidateAllowUndefined|ValidatorAcceptedValues|Validators,0|1,true,,data-autoplay|data-mute|data-playsinline,Mosaic/NodeTypes/Vimeo/VimeoElementMResourceData.php
VimeoElementMResourceData,ElementMResourceDataAbstract,free,createDataSimple,muted,ValidateAllowUndefined|ValidatorAcceptedValues|Validators,0|1,true,,data-autoplay|data-mute|data-playsinline,Mosaic/NodeTypes/Vimeo/VimeoElementMResourceData.php
VimeoElementMResourceData,ElementMResourceDataAbstract,free,createDataSimple,controls,ValidateAllowUndefined|ValidatorAcceptedValues|Validators,0|1,true,,data-autoplay|data-mute|data-playsinline,Mosaic/NodeTypes/Vimeo/VimeoElementMResourceData.php
VimeoElementMResourceData,ElementMResourceDataAbstract,free,createDataSimple,playsinline,ValidateAllowUndefined|ValidatorAcceptedValues|Validators,0|1,true,,data-autoplay|data-mute|data-playsinline,Mosaic/NodeTypes/Vimeo/VimeoElementMResourceData.php
VimeoElementMResourceData,ElementMResourceDataAbstract,free,createDataSimple,privacy,ValidateAllowUndefined|ValidatorAcceptedValues|Validators,0|1,true,,data-autoplay|data-mute|data-playsinline,Mosaic/NodeTypes/Vimeo/VimeoElementMResourceData.php
VimeoElementMResourceData,ElementMResourceDataAbstract,free,createDataSimple,lazyLoad,ValidateAllowUndefined|ValidatorAcceptedValues|Validators,0|1,true,,data-autoplay|data-mute|data-playsinline,Mosaic/NodeTypes/Vimeo/VimeoElementMResourceData.php
VimeoElementMResourceData,ElementMResourceDataAbstract,free,createDataSimple,startTime,ValidateAllowUndefined|ValidatorTimeLength|Validators,,true,,data-autoplay|data-mute|data-playsinline,Mosaic/NodeTypes/Vimeo/VimeoElementMResourceData.php
VimeoElementMResourceData,ElementMResourceDataAbstract,free,createDataSimple,threshold,ValidateAllowUndefined|ValidatorInteger|ValidatorIntegerAsString|Validators,,true,,data-autoplay|data-mute|data-playsinline,Mosaic/NodeTypes/Vimeo/VimeoElementMResourceData.php
WPContentElementMResourceData,ElementMResourceDataAbstract,free,createDataSimple,content,ValidateAllowUndefined|ValidatorDynamicCodeObject|Validators,,true,,,Mosaic/NodeTypes/WPContent/WPContentElementMResourceData.php
WPShortcodeElementMResourceData,ElementMResourceDataAbstract,free,createDataSimple,shortcode,ValidateAllowUndefined|ValidatorString|Validators,,true,,,Mosaic/NodeTypes/WPShortcode/WPShortcodeElementMResourceData.php
WysiwygLinkElementMResourceData,ElementMResourceDataAbstract,free,createDataSimple,url,ValidateAllowUndefined|ValidatorDynamicCodeObject|ValidatorSanitizeEmptyString|ValidatorURL|ValidatorURLObject|Validators,,true,,href|target|rel,Mosaic/NodeTypes/Wysiwyg/WysiwygLink/WysiwygLinkElementMResourceData.php
WysiwygLinkElementMResourceData,ElementMResourceDataAbstract,free,createDataSimple,target,ValidateAllowUndefined|ValidatorAcceptedValues|Validators,_self|_blank|_parent|_top,true,,href|target|rel,Mosaic/NodeTypes/Wysiwyg/WysiwygLink/WysiwygLinkElementMResourceData.php
WysiwygLinkElementMResourceData,ElementMResourceDataAbstract,free,createDataSimple,rel,ValidateAllowUndefined|ValidatorArray|ValidatorString|Validators,,true,,href|target|rel,Mosaic/NodeTypes/Wysiwyg/WysiwygLink/WysiwygLinkElementMResourceData.php
WysiwygTextNodeMResourceData,NodeMResourceDataAbstract,free,createDataSimple,text,ValidateAllowUndefined|ValidatorString|Validators,,true,,,Mosaic/NodeTypes/Wysiwyg/WysiwygText/WysiwygTextNodeMResourceData.php
WysiwygTextNodeMResourceData,NodeMResourceDataAbstract,free,createDataSimple,format,ValidateAllowUndefined|ValidatorAcceptedValues|ValidatorArray|Validators,bold|italic,true,,,Mosaic/NodeTypes/Wysiwyg/WysiwygText/WysiwygTextNodeMResourceData.php
WysiwygVariableNodeMResourceData,NodeMResourceDataAbstract,free,createDataSimple,dynamicCode,ValidateAllowUndefined|ValidatorDynamicCode|Validators,,true,,,Mosaic/NodeTypes/Wysiwyg/WysiwygVariable/WysiwygVariableNodeMResourceData.php
WysiwygVariableNodeMResourceData,NodeMResourceDataAbstract,free,createDataSimple,format,ValidateAllowUndefined|ValidatorAcceptedValues|ValidatorArray|Validators,bold|italic,true,,,Mosaic/NodeTypes/Wysiwyg/WysiwygVariable/WysiwygVariableNodeMResourceData.php
YouTubeElementMResourceData,ElementMResourceDataAbstract,free,createDataSimple,youtubeUrl,ValidateAllowUndefined|ValidatorDynamicCodeObject|ValidatorSanitizeEmptyString|ValidatorYouTubeUrl|Validators,,true,,data-autoplay|data-mute|data-playsinline,Mosaic/NodeTypes/YouTube/YouTubeElementMResourceData.php
YouTubeElementMResourceData,ElementMResourceDataAbstract,free,createDataSimple,autoplay,ValidateAllowUndefined|ValidatorAcceptedValues|Validators,0|1,true,,data-autoplay|data-mute|data-playsinline,Mosaic/NodeTypes/YouTube/YouTubeElementMResourceData.php
YouTubeElementMResourceData,ElementMResourceDataAbstract,free,createDataSimple,muted,ValidateAllowUndefined|ValidatorAcceptedValues|Validators,0|1,true,,data-autoplay|data-mute|data-playsinline,Mosaic/NodeTypes/YouTube/YouTubeElementMResourceData.php
YouTubeElementMResourceData,ElementMResourceDataAbstract,free,createDataSimple,controls,ValidateAllowUndefined|ValidatorAcceptedValues|Validators,0|1,true,,data-autoplay|data-mute|data-playsinline,Mosaic/NodeTypes/YouTube/YouTubeElementMResourceData.php
YouTubeElementMResourceData,ElementMResourceDataAbstract,free,createDataSimple,playsinline,ValidateAllowUndefined|ValidatorAcceptedValues|Validators,0|1,true,,data-autoplay|data-mute|data-playsinline,Mosaic/NodeTypes/YouTube/YouTubeElementMResourceData.php
YouTubeElementMResourceData,ElementMResourceDataAbstract,free,createDataSimple,privacy,ValidateAllowUndefined|ValidatorAcceptedValues|Validators,0|1,true,,data-autoplay|data-mute|data-playsinline,Mosaic/NodeTypes/YouTube/YouTubeElementMResourceData.php
YouTubeElementMResourceData,ElementMResourceDataAbstract,free,createDataSimple,lazyLoad,ValidateAllowUndefined|ValidatorAcceptedValues|Validators,0|1,true,,data-autoplay|data-mute|data-playsinline,Mosaic/NodeTypes/YouTube/YouTubeElementMResourceData.php
YouTubeElementMResourceData,ElementMResourceDataAbstract,free,createDataSimple,startTime,ValidateAllowUndefined|ValidatorTimeLength|Validators,,true,,data-autoplay|data-mute|data-playsinline,Mosaic/NodeTypes/YouTube/YouTubeElementMResourceData.php
YouTubeElementMResourceData,ElementMResourceDataAbstract,free,createDataSimple,suggestedVideos,ValidateAllowUndefined|ValidatorAcceptedValues|Validators,0|1,true,,data-autoplay|data-mute|data-playsinline,Mosaic/NodeTypes/YouTube/YouTubeElementMResourceData.php
YouTubeElementMResourceData,ElementMResourceDataAbstract,free,createDataSimple,threshold,ValidateAllowUndefined|ValidatorInteger|ValidatorIntegerAsString|Validators,,true,,data-autoplay|data-mute|data-playsinline,Mosaic/NodeTypes/YouTube/YouTubeElementMResourceData.php
