property,probed_on,sent,status,evidence
accept,,,SKIPPED,
accessibleLabel,modal,"""mprobe37""",APPLIED,"<dialog class=""m-modal M_Dialog M_IJ"" id=""np-011"" aria-label=""mprobe37"" aria-modal=""true"">"
action,,,NO_HOST,
alt,,,NO_HOST,
alt,,,NO_HOST,
animation,,,NO_HOST,
animation,,,NO_HOST,
animation,,,NO_HOST,
animation,navbar,"""flipDown""",APPLIED,"<mosaic-navbar class=""m-navbar"" id=""np-059"" data-toggle-breakpoint-id=""_m"" data-animation=""flipDown"">"
appearance,,,NO_HOST,
ariaLabel,,,NO_HOST,
attrID,,,INSTRUMENT,this sweep locates and reads nodes THROUGH it; asserted instead by style-verification.csv (98 rows); rwd-verification.csv (731 rows)
attributes,div,"[{""name"": ""data-mprobe37"", ""value"": ""yes""}]",NO_EFFECT,"<div class=""m-div"" id=""np-019"">"
autoScale,icon,371337,NO_EFFECT,"<svg xmlns=""http://www.w3.org/2000/svg"" viewBox=""0 0 24 24"" fill=""none"" class=""m-icon"" id=""np-031"">"
autocomplete,,,SKIPPED,
autocomplete,,,SKIPPED,
autoplay,video,"""1""",APPLIED,"<video class=""m-video"" id=""np-153"" data-autoplay=""1"" muted=""1"" controls=""1"" playsinline=""1"" preload=""metadata"""
autoplay,vimeo,"""1""",APPLIED,"<mosaic-vimeo class=""m-vimeo"" id=""np-164"" data-autoplay=""1"" data-mute=""1"" data-playsinline=""1"">"
autoplay,youtube,"""1""",APPLIED,"<mosaic-youtube class=""m-youtube"" id=""np-182"" data-autoplay=""1"" data-mute=""1"" data-playsinline=""1"">"
autoplayDelay,,,NO_HOST,
autoplayLimit,,,NO_HOST,
buttonBreakpoint,navbar,"""none""",APPLIED,"<mosaic-navbar class=""m-navbar"" id=""np-058"" data-toggle-breakpoint-id=""none"" data-animation=""fade"">"
checked,,,NO_HOST,
checked,,,NO_HOST,
closedby,modal,"""nothing""",APPLIED,"<dialog class=""m-modal M_Dialog M_IJ"" id=""np-012"" aria-label aria-modal=""true"" data-mosaic-modal-closedby=""not"
colors,,,SKIPPED,
conditions,,,SKIPPED,
content,,,SKIPPED,
content,code,"""mprobe37""",NO_EFFECT,"<div class=""m-code"" id=""np-069"">"
controls,video,"""1""",APPLIED,"<video class=""m-video"" id=""np-156"" controls=""1"" preload=""metadata"">"
controls,vimeo,"""1""",NO_EFFECT,"<mosaic-vimeo class=""m-vimeo"" id=""np-166"" data-autoplay=""0"" data-mute=""0"" data-playsinline=""0"">"
controls,youtube,"""1""",NO_EFFECT,"<mosaic-youtube class=""m-youtube"" id=""np-184"" data-autoplay=""0"" data-mute=""0"" data-playsinline=""0"">"
cssClasses,div,"[""mprobe37-cls""]",NO_EFFECT,"<div class=""m-div"" id=""np-020"">"
currentStatus,,,SKIPPED,
defaultSlideIndex,,,NO_HOST,
defaultTabIndex,tabs,371337,NO_EFFECT,"<mosaic-tabs class=""m-tabs"" id=""np-146"">"
defaultValue,,,SKIPPED,
defaultValue,,,SKIPPED,
defaultValue,,,SKIPPED,
defaultValue,,,SKIPPED,
defaultValue,,,SKIPPED,
disableScroll,navbar,"""1""",NO_EFFECT,"<mosaic-navbar class=""m-navbar m-navbar--disable-scroll"" id=""np-060"" data-toggle-breakpoint-id=""_m"" data-anima"
disabled,select-option,371337,NO_EFFECT,"<option class=""m-select-option"" id=""np-108"" value disabled=""true"">"
disabled,text-input,371337,NO_EFFECT,"<input class=""m-input"" id=""np-094"" type=""text"">"
duration,,,NO_HOST,
dynamicCode,,,SKIPPED,
dynamicSources,,,SKIPPED,
easing,,,SKIPPED,
fetchPriority,,,NO_HOST,
firstOpened,,,NO_HOST,
format,,,NO_HOST,
format,,,NO_HOST,
height,,,NO_HOST,
height,video,371337,APPLIED,"<video class=""m-video"" id=""np-159"" controls=""1"" height=""371337"" preload=""metadata"">"
hidden,,,SKIPPED,
horizontalAlign,dropdown,"""right""",APPLIED,"<mosaic-dropdown class=""m-dropdown-narrow m-dropdown dropdown-mode"" id=""np-053"" data-open-on=""click"" data-anim"
image,,,SKIPPED,
image,,,SKIPPED,
image,,,SKIPPED,
inactive,button,371337,NO_EFFECT,"<span class=""m-button"" id=""np-006"">"
insertLocation,code,"""bodyEnd""",APPLIED,output relocated out of the tree
interactionShorthand,,,SKIPPED,
interactions,,,SKIPPED,
isAutoplay,,,NO_HOST,
isCarousel,,,NO_HOST,
latitude,,,SKIPPED,
layer,openstreetmap,"""hot""",NO_EFFECT,"<mosaic-openstreetmap class=""m-osm"" id=""np-066"">"
lazyLoad,,,NO_HOST,
lazyLoad,openstreetmap,"""1""",NO_EFFECT,"<mosaic-openstreetmap class=""m-osm"" id=""np-067"">"
lazyLoad,vimeo,"""1""",NO_EFFECT,"<mosaic-vimeo class=""m-vimeo"" id=""np-169"" data-autoplay=""0"" data-mute=""0"" data-playsinline=""0"">"
lazyLoad,youtube,"""1""",NO_EFFECT,"<mosaic-youtube class=""m-youtube"" id=""np-187"" data-autoplay=""0"" data-mute=""0"" data-playsinline=""0"">"
listStart,,,SKIPPED,
listType,,,NO_HOST,
loading,,,NO_HOST,
locked,div,true,EDITOR_ONLY,"<div class=""m-div"" id=""np-016"">"
logging,,,NO_HOST,
logging,choice-field,"""exclude""",NO_EFFECT,"<fieldset class=""m-choice-field"" id=""np-079"">"
logging,fileupload-input,"""mask""",NO_EFFECT,"<input class=""m-file-upload"" id=""np-084"" accept="".jpg, .png, .jpeg, .avif"" type=""file"">"
logging,select-input,"""exclude""",NO_EFFECT,"<select class=""m-select"" id=""np-114"" size=""1"">"
logging,text-input,"""exclude""",NO_EFFECT,"<input class=""m-input"" id=""np-097"" type=""text"">"
logging,textarea-input,"""exclude""",NO_EFFECT,"<textarea class=""m-textarea"" id=""np-122"">"
longitude,,,SKIPPED,
loop,video,"""1""",APPLIED,"<video class=""m-video"" id=""np-155"" loop=""1"" controls=""1"" preload=""metadata"">"
maptype,,,NO_HOST,
maxlength,textarea-input,371337,APPLIED,"<textarea class=""m-textarea"" id=""np-119"" maxlength=""371337"">"
mediaLibrary,fileupload-input,371337,NO_EFFECT,"<input class=""m-file-upload"" id=""np-085"" accept="".jpg, .png, .jpeg, .avif"" type=""file"">"
menuID,,,SKIPPED,
minlength,textarea-input,371337,APPLIED,"<textarea class=""m-textarea"" id=""np-118"" minlength=""371337"">"
mode,,,NO_HOST,
mode,,,NO_HOST,
mode,,,NO_HOST,
mode,list-item,"""separator""",NO_EFFECT,"<li class=""m-list-item"" id=""np-042"">"
mode,loop-item,"""separator""",NO_EFFECT,"<div class=""m-loop-item M_IJ"" id=""np-043"">"
multiple,fileupload-input,371337,NO_EFFECT,"<input class=""m-file-upload"" id=""np-082"" accept="".jpg, .png, .jpeg, .avif"" multiple type=""file"">"
multiple,select-input,371337,NO_EFFECT,"<select class=""m-select"" id=""np-111"" multiple size=""1"">"
muted,video,"""1""",APPLIED,"<video class=""m-video"" id=""np-154"" muted=""1"" controls=""1"" preload=""metadata"">"
muted,vimeo,"""1""",APPLIED,"<mosaic-vimeo class=""m-vimeo"" id=""np-165"" data-autoplay=""0"" data-mute=""1"" data-playsinline=""0"">"
muted,youtube,"""1""",APPLIED,"<mosaic-youtube class=""m-youtube"" id=""np-183"" data-autoplay=""0"" data-mute=""1"" data-playsinline=""0"">"
name,div,"""mprobe37""",EDITOR_ONLY,"<div class=""m-div"" id=""np-015"">"
nameAttribute,,,SKIPPED,
nameAttribute,,,SKIPPED,
nameAttribute,,,SKIPPED,
nameAttribute,,,SKIPPED,
nameAttribute,,,SKIPPED,
nameAttribute,,,SKIPPED,
openMode,,,NO_HOST,
openOn,,,NO_HOST,
openedByDefault,,,NO_HOST,
override,,,SKIPPED,
pagesAfter,,,NO_HOST,
pagesBefore,,,NO_HOST,
pagesEnd,,,NO_HOST,
pagesStart,,,NO_HOST,
placeholderText,text-input,"""mprobe37""",APPLIED,"<input class=""m-input"" id=""np-095"" placeholder=""mprobe37"" type=""text"">"
placeholderText,textarea-input,"""mprobe37""",APPLIED,"<textarea class=""m-textarea"" id=""np-117"" placeholder=""mprobe37"">"
playsinline,video,"""1""",APPLIED,"<video class=""m-video"" id=""np-157"" controls=""1"" playsinline=""1"" preload=""metadata"">"
playsinline,vimeo,"""1""",APPLIED,"<mosaic-vimeo class=""m-vimeo"" id=""np-167"" data-autoplay=""0"" data-mute=""0"" data-playsinline=""1"">"
playsinline,youtube,"""1""",APPLIED,"<mosaic-youtube class=""m-youtube"" id=""np-185"" data-autoplay=""0"" data-mute=""0"" data-playsinline=""1"">"
positionX,,,SKIPPED,
positionY,,,SKIPPED,
poster,,,SKIPPED,
preload,video,"""none""",APPLIED,"<video class=""m-video"" id=""np-160"" controls=""1"" preload=""none"">"
privacy,vimeo,"""1""",NO_EFFECT,"<mosaic-vimeo class=""m-vimeo"" id=""np-168"" data-autoplay=""0"" data-mute=""0"" data-playsinline=""0"">"
privacy,youtube,"""1""",NO_OUTPUT,the element emitted nothing with this property set
processShortcodes,code,"""1""",NO_EFFECT,"<div class=""m-code"" id=""np-070"">"
query,,,NO_HOST,
readonly,text-input,371337,NO_EFFECT,"<input class=""m-input"" id=""np-093"" type=""text"">"
rel,button,"[""mprobe37""]",APPLIED,"<a class=""m-button"" id=""np-009"" href=""https://example.com/mprobe37"" rel=""mprobe37"">"
rel,dropdown-toggle,"[""mprobe37""]",APPLIED,"<a class=""m-dropdown-toggle"" id=""np-052"" href=""https://example.com/mprobe37"" rel=""mprobe37"" aria-haspopup=""tru"
rel,menu-link,"[""mprobe37""]",APPLIED,"<a class=""m-menu-link"" id=""np-056"" href=""https://example.com/mprobe37"" rel=""mprobe37"">"
rel,wysiwyg-link,"[""mprobe37""]",APPLIED,"<a class=""m-inline-link"" id=""np-176"" href=""https://example.com/mprobe37"" rel=""mprobe37"">"
requireOneOpen,,,NO_HOST,
required,,,NO_HOST,
required,choice-field,371337,NO_EFFECT,"<fieldset class=""m-choice-field"" id=""np-077"">"
required,fileupload-input,371337,NO_EFFECT,"<input class=""m-file-upload"" id=""np-083"" accept="".jpg, .png, .jpeg, .avif"" required type=""file"">"
required,select-input,371337,NO_EFFECT,"<select class=""m-select"" id=""np-112"" required size=""1"">"
required,text-input,371337,NO_EFFECT,"<input class=""m-input"" id=""np-092"" required type=""text"">"
required,textarea-input,371337,NO_EFFECT,"<textarea class=""m-textarea"" id=""np-121"" required>"
requiredMin,choice-field,371337,NO_EFFECT,"<fieldset class=""m-choice-field"" id=""np-078"">"
role,modal,"""mprobe37""",APPLIED,"<dialog class=""m-modal M_Dialog M_IJ"" id=""np-010"" role=""mprobe37"" aria-label aria-modal=""true"">"
selected,select-option,371337,NO_EFFECT,"<option class=""m-select-option"" id=""np-107"" value selected=""true"">"
shortcode,wpShortcode,"""mprobe37""",NO_EFFECT,"<div class=""m-shortcode"" id=""np-173"">"
size,,,NO_HOST,
size,select-input,371337,APPLIED,"<select class=""m-select"" id=""np-113"" size=""371337"">"
sizes,,,NO_HOST,
sizes,,,NO_HOST,
sources,video,"[""mprobe37""]",NO_EFFECT,"<video class=""m-video"" id=""np-152"" controls=""1"" preload=""metadata"">"
srcset,,,NO_HOST,
srcset,,,NO_HOST,
startTime,,,SKIPPED,
startTime,,,SKIPPED,
stepActive,,,NO_HOST,
stepActive,form-multi-steps-step,true,NO_EFFECT,"<div class=""m-multi-steps-step-tab"" id=""np-101"" onclick=""(() =>"
stepIndex,,,NO_HOST,
stepIndex,form-multi-steps-step,371337,NO_EFFECT,"<div class=""m-multi-steps-step-tab"" id=""np-100"" onclick=""(() =>"
style,,,INSTRUMENT,this sweep locates and reads nodes THROUGH it; asserted instead by style-verification.csv (98 rows); rwd-verification.csv (731 rows)
submitType,,,SKIPPED,
suggestedVideos,youtube,"""1""",NO_EFFECT,"<mosaic-youtube class=""m-youtube"" id=""np-189"" data-autoplay=""0"" data-mute=""0"" data-playsinline=""0"">"
svg,,,SKIPPED,
tagName,div,"""h4""",APPLIED,"<h4 class=""m-div"" id=""np-013"">"
tagName,section,"""h4""",APPLIED,"<h4 class=""m-section"" id=""np-149"">"
tagName,text,"""h4""",APPLIED,"<h4 class=""m-text m-wysiwyg"" id=""np-150"">"
target,button,"""_top""",APPLIED,"<a class=""m-button"" id=""np-008"" href=""https://example.com/mprobe37"" target=""_top"">"
target,dropdown-toggle,"""_top""",APPLIED,"<a class=""m-dropdown-toggle"" id=""np-051"" href=""https://example.com/mprobe37"" target=""_top"" aria-haspopup=""true"
target,menu-link,"""_top""",APPLIED,"<a class=""m-menu-link"" id=""np-055"" href=""https://example.com/mprobe37"" target=""_top"">"
target,wysiwyg-link,"""_top""",APPLIED,"<a class=""m-inline-link"" id=""np-175"" href=""https://example.com/mprobe37"" target=""_top"">"
text,,,NO_HOST,
text,select-option,"""mprobe37""",NO_EFFECT,"<option class=""m-select-option"" id=""np-106"" value>"
theme,,,NO_HOST,
threshold,video,371337,NO_EFFECT,"<video class=""m-video"" id=""np-162"" controls=""1"" preload=""metadata"" data-threshold=""100"">"
threshold,vimeo,371337,NO_EFFECT,"<mosaic-vimeo class=""m-vimeo"" id=""np-171"" data-autoplay=""0"" data-mute=""0"" data-playsinline=""0"" data-threshold="
threshold,youtube,371337,NO_EFFECT,"<mosaic-youtube class=""m-youtube"" id=""np-190"" data-autoplay=""0"" data-mute=""0"" data-playsinline=""0"" data-thresh"
thumbnail,,,SKIPPED,
thumbnailAlt,,,NO_HOST,
title,,,NO_HOST,
type,,,SKIPPED,
url,,,SKIPPED,
url,,,SKIPPED,
url,,,SKIPPED,
url,,,SKIPPED,
useAsBackground,,,NO_HOST,
value,,,NO_HOST,
value,,,NO_HOST,
value,select-option,"""mprobe37""",APPLIED,"<option class=""m-select-option"" id=""np-105"" value=""mprobe37"">"
video,,,SKIPPED,
vimeoUrl,,,SKIPPED,
width,,,NO_HOST,
width,video,371337,APPLIED,"<video class=""m-video"" id=""np-158"" controls=""1"" width=""371337"" preload=""metadata"">"
youtubeUrl,,,SKIPPED,
zoom,,,NO_HOST,
zoom,openstreetmap,371337,NO_EFFECT,"<mosaic-openstreetmap class=""m-osm"" id=""np-065"">"
