type,rule,allowed_children,nested_rule,declared_in
__unknown,none,,,Mosaic/NodeTypes/Unknown/UnknownElementTypeFactory.php
accordion,allow,accordion-item|accordion-loop-items,yes,Mosaic/NodeTypes/Accordion/AccordionElementTypeFactory.php
accordion-content,any,,,Mosaic/NodeTypes/Accordion/AccordionItem/AccordionContent/AccordionContentElementTypeFactory.php
accordion-item,allow,accordion-item|accordion-loop-items,yes,Mosaic/NodeTypes/Accordion/AccordionItem/AccordionItemElementTypeFactory.php
accordion-loop-items,allow,accordion,yes,Mosaic/NodeTypes/Accordion/AccordionLoopItems/AccordionLoopItemsElementTypeFactory.php
accordion-title,any,,,Mosaic/NodeTypes/Accordion/AccordionItem/AccordionTitle/AccordionTitleElementTypeFactory.php
body,any,,,Mosaic/NodeTypes/Document/Body/BodyElementTypeFactory.php
button,any,,,Mosaic/NodeTypes/Button/ButtonElementTypeFactory.php
checkbox-input,none,,yes,Mosaic/NodeTypes/Pro/Form/Form/MElements/Checkbox/CheckboxInput/CheckboxInputElementTypeFactory.php
choice,any,,yes,Mosaic/NodeTypes/Pro/Form/Form/MElements/Choice/ChoiceElementTypeFactory.php
choice-content,any,,,Mosaic/NodeTypes/Pro/Form/Form/MElements/ChoiceField/Content/ChoiceContentElementTypeFactory.php
choice-field,allow,choice-content|choice-legend,yes,Mosaic/NodeTypes/Pro/Form/Form/MElements/ChoiceField/ChoiceFieldElementTypeFactory.php
choice-label,none,,yes,Mosaic/NodeTypes/Pro/Form/Form/MElements/Choice/ChoiceLabel/ChoiceLabelElementTypeFactory.php
choice-legend,none,,,Mosaic/NodeTypes/Pro/Form/Form/MElements/ChoiceField/Legend/ChoiceLegendElementTypeFactory.php
code,none,,,Mosaic/NodeTypes/Pro/Code/CodeElementTypeFactory.php
component-external,none,,,Mosaic/NodeTypes/Component/Component/ComponentExternal/ComponentExternalElementTypeFactory.php
component-instance,any,,,Mosaic/NodeTypes/Component/ComponentInstance/ComponentInstanceElementTypeFactory.php
component-internal,any,,,Mosaic/NodeTypes/Component/Component/ComponentInternal/ComponentInternalElementTypeFactory.php
component-root,none,,,Mosaic/NodeTypes/Root/Component/ComponentRootElementTypeFactory.php
div,any,,,Mosaic/NodeTypes/Div/DivElementTypeFactory.php
document,none,,,Mosaic/NodeTypes/Document/DocumentElementTypeFactory.php
dropdown,none,,,Mosaic/NodeTypes/Menu/Dropdown/Dropdown/DropdownElementTypeFactory.php
dropdown-toggle,any,,,Mosaic/NodeTypes/Menu/Dropdown/DropdownToggle/DropdownToggleElementTypeFactory.php
dropdown-wide,none,,,Mosaic/NodeTypes/Menu/Dropdown/DropdownWide/DropdownWideElementTypeFactory.php
dropdown-wrapper,none,,,Mosaic/NodeTypes/Menu/Dropdown/Dropdown/DropdownWrapper/DropdownWrapperElementTypeFactory.php
dropdown-wrapper-wide,none,,,Mosaic/NodeTypes/Menu/Dropdown/DropdownWide/DropdownWrapperWide/DropdownWrapperWideElementTypeFactory.php
field,any,,yes,Mosaic/NodeTypes/Pro/Form/Form/MElements/Field/FieldElementTypeFactory.php
fieldset,complex,,yes,Mosaic/NodeTypes/Pro/Form/Form/MElements/FieldSet/FieldSetElementTypeFactory.php
fileupload-input,none,,yes,Mosaic/NodeTypes/Pro/Form/Form/MElements/FileUpload/FileUploadElementTypeFactory.php
form,any,,,Mosaic/NodeTypes/Pro/Form/Form/FormElementTypeFactory.php
form-error,none,,yes,Mosaic/NodeTypes/Pro/Form/Form/MElements/FormError/FormErrorElementTypeFactory.php
form-multi-steps,allow,form-multi-steps-steps|multi-steps-forms,yes,Mosaic/NodeTypes/Pro/Form/Form/MElements/MultiSteps/MultiStepsElementTypeFactory.php
form-multi-steps-step,any,,,Mosaic/NodeTypes/Pro/Form/Form/MElements/MultiSteps/Steps/Step/StepElementTypeFactory.php
form-multi-steps-steps,allow,form-multi-steps-step,,Mosaic/NodeTypes/Pro/Form/Form/MElements/MultiSteps/Steps/StepsElementTypeFactory.php
form-wrapper,allow,form|success-screen,yes,Mosaic/NodeTypes/Pro/Form/FormWrapperElementTypeFactory.php
googlemaps,none,,,Mosaic/NodeTypes/GoogleMaps/GoogleMapsElementTypeFactory.php
hidden-input,none,,yes,Mosaic/NodeTypes/Pro/Form/Form/MElements/HiddenInput/HiddenInputElementTypeFactory.php
icon,none,,,Mosaic/NodeTypes/Icon/IconElementTypeFactory.php
image,none,,,Mosaic/NodeTypes/Image/ImageElementTypeFactory.php
label,none,,yes,Mosaic/NodeTypes/Pro/Form/Form/MElements/Label/LabelElementTypeFactory.php
list,allow,list-item|list-loop-items,,Mosaic/NodeTypes/ListElement/ListElementTypeFactory.php
list-item,any,,yes,Mosaic/NodeTypes/ListElement/ListItem/ListItemElementTypeFactory.php
list-loop-items,allow,list-item,yes,Mosaic/NodeTypes/ListElement/ListLoopItems/ListLoopItemsElementTypeFactory.php
loop,allow,loop-pagination,,Mosaic/NodeTypes/Loop/LoopElementTypeFactory.php
loop-item,any,,yes,Mosaic/NodeTypes/Loop/LoopItems/LoopItem/LoopItemElementTypeFactory.php
loop-items,allow,loop-item,yes,Mosaic/NodeTypes/Loop/LoopItems/LoopItemsElementTypeFactory.php
loop-no-result,any,,,Mosaic/NodeTypes/Loop/LoopNoResult/LoopNoResultElementTypeFactory.php
loop-pagination,any,,yes,Mosaic/NodeTypes/Loop/LoopPagination/LoopPaginationElementTypeFactory.php
loop-pagination-button-next,any,,yes,Mosaic/NodeTypes/Loop/LoopPagination/Button/ButtonNext/LoopPaginationButtonNextElementTypeFactory.php
loop-pagination-button-previous,any,,yes,Mosaic/NodeTypes/Loop/LoopPagination/Button/ButtonPrevious/LoopPaginationButtonPreviousElementTypeFactory.php
loop-pagination-number,none,,,Mosaic/NodeTypes/Loop/LoopPagination/Numbers/Number/LoopPaginationNumberElementTypeFactory.php
loop-pagination-numbers,allow,loop-pagination-number,yes,Mosaic/NodeTypes/Loop/LoopPagination/Numbers/LoopPaginationNumbersElementTypeFactory.php
master-root,none,,,Mosaic/NodeTypes/Root/Master/MasterRootElementTypeFactory.php
menu,any,,,Mosaic/NodeTypes/Menu/MenuElementTypeFactory.php
menu-link,any,,,Mosaic/NodeTypes/Menu/MenuLink/MenuLinkElementTypeFactory.php
multi-steps-back-button,any,,yes,Mosaic/NodeTypes/Pro/Form/Form/MElements/MultiSteps/Forms/FormStep/Button/ButtonStepBack/FormStepButtonBackElementTypeFactory.php
multi-steps-form-step,any,,,Mosaic/NodeTypes/Pro/Form/Form/MElements/MultiSteps/Forms/FormStep/FormStepElementTypeFactory.php
multi-steps-forms,allow,form-multi-steps,,Mosaic/NodeTypes/Pro/Form/Form/MElements/MultiSteps/Forms/FormsElementTypeFactory.php
multi-steps-next-button,any,,yes,Mosaic/NodeTypes/Pro/Form/Form/MElements/MultiSteps/Forms/FormStep/Button/ButtonStepNext/FormStepButtonNextElementTypeFactory.php
navbar,none,,yes,Mosaic/NodeTypes/Navbar/NavbarElementTypeFactory.php
navbar-toggle,any,,yes,Mosaic/NodeTypes/Navbar/NavbarToggle/NavbarToggleElementTypeFactory.php
navigation,any,,yes,Mosaic/NodeTypes/Navbar/Navigation/NavigationElementTypeFactory.php
radio-input,none,,yes,Mosaic/NodeTypes/Pro/Form/Form/MElements/Radio/RadioInput/RadioInputElementTypeFactory.php
recaptcha,none,,yes,Mosaic/NodeTypes/Pro/Form/Form/MElements/Recaptcha/RecaptchaElementTypeFactory.php
section,any,,yes,Mosaic/NodeTypes/Section/SectionElementTypeFactory.php
select-input,complex,,yes,Mosaic/NodeTypes/Pro/Form/Form/MElements/Select/SelectElementTypeFactory.php
select-option,none,,yes,Mosaic/NodeTypes/Pro/Form/Form/MElements/Select/Option/OptionElementTypeFactory.php
slider,any,,,Mosaic/NodeTypes/Pro/Slider/SliderElementTypeFactory.php
slider-arrow-left,none,,,Mosaic/NodeTypes/Pro/Slider/SliderArrow/SliderArrowLeft/SliderArrowLeftElementTypeFactory.php
slider-arrow-right,none,,,Mosaic/NodeTypes/Pro/Slider/SliderArrow/SliderArrowRight/SliderArrowRightMElementTypeFactory.php
slider-loop-slides,allow,slider-slides,yes,Mosaic/NodeTypes/Pro/Slider/SliderLoopSlides/SliderLoopSlidesElementTypeFactory.php
slider-navigation,allow,slider-navigation-bullet,yes,Mosaic/NodeTypes/Pro/Slider/SliderNavigation/SliderNavigationElementTypeFactory.php
slider-navigation-bullet,none,,,Mosaic/NodeTypes/Pro/Slider/SliderNavigation/SliderNavigationBullet/SliderNavigationBulletElementTypeFactory.php
slider-slide,any,,yes,Mosaic/NodeTypes/Pro/Slider/SliderSlides/SliderSlide/SliderSlideElementTypeFactory.php
slider-slides,allow,slider-loop-slides|slider-slide,,Mosaic/NodeTypes/Pro/Slider/SliderSlides/SliderSlidesElementTypeFactory.php
styleguide-a,none,,,Mosaic/NodeTypes/SG/SGA/SGAElementTypeFactory.php
styleguide-entry-content,any,,yes,Mosaic/NodeTypes/SG/SGEntryContent/SGEntryContentElementTypeFactory.php
styleguide-entry-content-button,none,,yes,Mosaic/NodeTypes/SG/SGEntryContent/SGEntryContentButton/SGEntryContentButtonElementTypeFactory.php
styleguide-entry-content-code,none,,yes,Mosaic/NodeTypes/SG/SGEntryContent/SGEntryContentCode/SGEntryContentCodeElementTypeFactory.php
styleguide-entry-content-image,allow,styleguide-entry-content-image-caption|styleguide-entry-content-image-img,yes,Mosaic/NodeTypes/SG/SGEntryContent/SGEntryContentImage/SGEntryContentImageElementTypeFactory.php
styleguide-entry-content-image-caption,none,,,Mosaic/NodeTypes/SG/SGEntryContent/SGEntryContentImage/SGEntryContentImageCaption/SGEntryContentImageCaptionElementTypeFactory.php
styleguide-entry-content-image-img,none,,,Mosaic/NodeTypes/SG/SGEntryContent/SGEntryContentImage/SGEntryContentImageImg/SGEntryContentImageImgElementTypeFactory.php
styleguide-entry-content-list,allow,styleguide-entry-content-list-item,yes,Mosaic/NodeTypes/SG/SGEntryContent/SGEntryContentList/SGEntryContentListElementTypeFactory.php
styleguide-entry-content-list-item,none,,,Mosaic/NodeTypes/SG/SGEntryContent/SGEntryContentList/SGEntryContentListItem/SGEntryContentListItemElementTypeFactory.php
styleguide-entry-content-preformatted,none,,yes,Mosaic/NodeTypes/SG/SGEntryContent/SGEntryContentPreformatted/SGEntryContentPreformattedElementTypeFactory.php
styleguide-entry-content-pullquote,allow,styleguide-entry-content-pullquote-cite|styleguide-entry-content-pullquote-paragraph,yes,Mosaic/NodeTypes/SG/SGEntryContent/SGEntryContentPullQuote/SGEntryContentPullQuoteElementTypeFactory.php
styleguide-entry-content-pullquote-cite,none,,,Mosaic/NodeTypes/SG/SGEntryContent/SGEntryContentPullQuote/SGEntryContentPullQuoteCite/SGEntryContentPullQuoteCiteElementTypeFactory.php
styleguide-entry-content-pullquote-paragraph,none,,,Mosaic/NodeTypes/SG/SGEntryContent/SGEntryContentPullQuote/SGEntryContentPullQuoteParagraph/SGEntryContentPullQuoteParagraphElementTypeFactory.php
styleguide-entry-content-quote-cite,none,,,Mosaic/NodeTypes/SG/SGEntryContent/SGEntryContentQuote/SGEntryContentQuoteCite/SGEntryContentQuoteCiteElementTypeFactory.php
styleguide-entry-content-separator,none,,yes,Mosaic/NodeTypes/SG/SGEntryContent/SGEntryContentSeparator/SGEntryContentSeparatorElementTypeFactory.php
styleguide-entry-content-text,none,,yes,Mosaic/NodeTypes/SG/SGEntryContent/SGEntryContentText/SGEntryContentTextElementTypeFactory.php
styleguide-entry-content-text-quote,complex,,yes,Mosaic/NodeTypes/SG/SGEntryContent/SGEntryContentQuote/SGEntryContentQuoteElementTypeFactory.php
styleguide-entry-content-verse,none,,yes,Mosaic/NodeTypes/SG/SGEntryContent/SGEntryContentVerse/SGEntryContentVerseElementTypeFactory.php
styleguide-root,none,,,Mosaic/NodeTypes/Root/StyleGuide/StyleGuideRootElementTypeFactory.php
submit-button,allow,submit-label|submit-loading,yes,Mosaic/NodeTypes/Pro/Form/Form/MElements/SubmitButton/SubmitButtonElementTypeFactory.php
submit-label,none,,,Mosaic/NodeTypes/Pro/Form/Form/MElements/SubmitButton/Label/SubmitLabelElementTypeFactory.php
submit-loading,none,,,Mosaic/NodeTypes/Pro/Form/Form/MElements/SubmitButton/Loading/SubmitLoadingElementTypeFactory.php
success-screen,any,,,Mosaic/NodeTypes/Pro/Form/SuccessScreen/SuccessScreenElementTypeFactory.php
tabs,allow,tabs-content|tabs-menu,,Mosaic/NodeTypes/Pro/Tabs/TabsElementTypeFactory.php
tabs-content,allow,tabs-loop-tab-panes|tabs-tab-pane,,Mosaic/NodeTypes/Pro/Tabs/TabsContent/TabsContentElementTypeFactory.php
tabs-loop-tab-panes,allow,tabs-tab-pane,,Mosaic/NodeTypes/Pro/Tabs/TabsContent/LoopTabPanes/TabLoopTabPanesElementTypeFactory.php
tabs-loop-tabs,allow,tabs-tab,yes,Mosaic/NodeTypes/Pro/Tabs/TabsMenu/LoopTabs/TabLoopTabsElementTypeFactory.php
tabs-menu,allow,tabs-loop-tabs|tabs-tab,,Mosaic/NodeTypes/Pro/Tabs/TabsMenu/TabsMenuElementTypeFactory.php
tabs-tab,any,,yes,Mosaic/NodeTypes/Pro/Tabs/TabsMenu/Tab/TabElementTypeFactory.php
tabs-tab-pane,any,,,Mosaic/NodeTypes/Pro/Tabs/TabsContent/TabPane/TabPaneElementTypeFactory.php
template-external,none,,yes,Mosaic/NodeTypes/Template/TemplateExternal/TemplateExternalElementTypeFactory.php
template-internal,any,,,Mosaic/NodeTypes/Template/TemplateInternal/TemplateInternalElementTypeFactory.php
text,none,,,Mosaic/NodeTypes/Text/TextElementTypeFactory.php
text-input,none,,yes,Mosaic/NodeTypes/Pro/Form/Form/MElements/InputText/InputTextElementTypeFactory.php
textarea-input,none,,yes,Mosaic/NodeTypes/Pro/Form/Form/MElements/TextArea/TextAreaElementTypeFactory.php
turnstile,none,,yes,Mosaic/NodeTypes/Pro/Form/Form/MElements/Turnstile/TurnstileElementTypeFactory.php
video,none,,,Mosaic/NodeTypes/Video/VideoElementTypeFactory.php
vimeo,none,,,Mosaic/NodeTypes/Vimeo/VimeoElementTypeFactory.php
wp-menu,allow,list-item,yes,Mosaic/NodeTypes/Menu/WPMenu/WPMenuElementTypeFactory.php
wpContent,none,,,Mosaic/NodeTypes/WPContent/WPContentElementTypeFactory.php
wpShortcode,none,,,Mosaic/NodeTypes/WPShortcode/WPShortcodeElementTypeFactory.php
wysiwyg-linebreak,none,,,Mosaic/NodeTypes/Wysiwyg/WysiwygLineBreak/WysiwygLineBreakNodeTypeFactory.php
wysiwyg-link,none,,,Mosaic/NodeTypes/Wysiwyg/WysiwygLink/WysiwygLinkElementTypeFactory.php
wysiwyg-span,none,,,Mosaic/NodeTypes/Wysiwyg/WysiwygSpan/WysiwygSpanElementTypeFactory.php
wysiwyg-text,none,,,Mosaic/NodeTypes/Wysiwyg/WysiwygText/WysiwygTextNodeTypeFactory.php
wysiwyg-variable,none,,,Mosaic/NodeTypes/Wysiwyg/WysiwygVariable/WysiwygVariableNodeTypeFactory.php
youtube,none,,,Mosaic/NodeTypes/YouTube/YouTubeElementTypeFactory.php
