property,group,css_property,sent,compiled,status
alignContent,,align-content,"""baseline""",baseline,COMPILED
alignItems,,align-items,"""baseline""",baseline,COMPILED
alignSelf,,align-self,"""baseline""",baseline,COMPILED
aspectRatio,,aspect-ratio,,,SKIPPED
backdropFilter,,backdrop-filter,,,SKIPPED
backgroundColor,,background-color,"""rgb(9, 99, 199)""","rgb(9, 99, 199)",COMPILED
backgroundStyle,,background-image,,,SKIPPED
borderBottomColor,borderStyle,border-bottom-color,"""rgb(9, 99, 199)""",,ABSENT
borderBottomStyle,borderStyle,border-bottom-style,"""37px""",,ABSENT
borderBottomWidth,borderStyle,border-bottom-width,"""37px""",,ABSENT
borderLeftColor,borderStyle,border-left-color,"""rgb(9, 99, 199)""",,ABSENT
borderLeftStyle,borderStyle,border-left-style,"""37px""",,ABSENT
borderLeftWidth,borderStyle,border-left-width,"""37px""",,ABSENT
borderRadius,,border-radius,"{""type"": ""all"", ""allOptions"": {""borderRadiusValue"": ""37px""}}",37px,COMPILED
borderRightColor,borderStyle,border-right-color,"""rgb(9, 99, 199)""",,ABSENT
borderRightStyle,borderStyle,border-right-style,"""37px""",,ABSENT
borderRightWidth,borderStyle,border-right-width,"""37px""",,ABSENT
borderTopColor,borderStyle,border-top-color,"""rgb(9, 99, 199)""",,NO_ELEMENT
borderTopStyle,borderStyle,border-top-style,"""37px""",,ABSENT
borderTopWidth,borderStyle,border-top-width,"""37px""",,ABSENT
bottom,,bottom,"""37px""",37px,COMPILED
boxShadow,,box-shadow,,,SKIPPED
boxSizing,,box-sizing,"""content-box""",content-box,COMPILED
color,,color,"""rgb(9, 99, 199)""","rgb(9, 99, 199)",COMPILED
columnGap,,column-gap,"""37px""",37px,COMPILED
cursor,,cursor,"""unset""",unset,COMPILED
customDeclarations,,,,,SKIPPED
display,,display,,,SKIPPED
filter,,filter,,,SKIPPED
flexBasis,,flex-basis,"""37px""",37px,COMPILED
flexDirection,,flex-direction,"""column-reverse""",column-reverse,COMPILED
flexSizing,,flex-sizing,,,SKIPPED
flexWrap,,flex-wrap,"""wrap-reverse""",wrap-reverse,COMPILED
fontFamily,,font-family,,,SKIPPED
fontSize,,font-size,"""37px""",37px,COMPILED
fontStyle,,font-style,"""italic""",italic,COMPILED
fontWeight,,font-weight,"""900""",900,COMPILED
gridAutoColumns,,grid-auto-columns,,,SKIPPED
gridAutoFlow,,grid-auto-flow,"""column""",column,COMPILED
gridAutoRows,,grid-auto-rows,,,SKIPPED
gridColumnEnd,gridChildPosition,grid-column-end,"""7""",,ABSENT
gridColumnStart,gridChildPosition,grid-column-start,"""7""",,ABSENT
gridRowEnd,gridChildPosition,grid-row-end,"""7""",,ABSENT
gridRowStart,gridChildPosition,grid-row-start,"""7""",,ABSENT
gridTemplateAreas,,grid-template-areas,,,SKIPPED
gridTemplateColumns,,grid-template-columns,"[{""type"": ""default"", ""defaultOptions"": {""size"": ""37px""}}]",none,COMPILED
gridTemplateRows,,grid-template-rows,"[{""type"": ""default"", ""defaultOptions"": {""size"": ""37px""}}]",none,COMPILED
height,,height,"""37px""",37px,COMPILED
justifyContent,,justify-content,"""right""",right,COMPILED
justifyItems,,justify-items,"""baseline""",baseline,COMPILED
justifySelf,,justify-self,"""baseline""",baseline,COMPILED
left,,left,"""37px""",37px,COMPILED
letterSpacing,,letter-spacing,"""37px""",37px,COMPILED
lineHeight,,line-height,"""7""",7,COMPILED
listStylePosition,,list-style-position,"""outside""",outside,COMPILED
listStyleType,,list-style-type,"""none""",none,COMPILED
marginBottom,,margin-bottom,"""37px""",37px,COMPILED
marginLeft,,margin-left,"""37px""",37px,COMPILED
marginRight,,margin-right,"""37px""",37px,COMPILED
marginTop,,margin-top,"""37px""",37px,COMPILED
mask,,mask,,,SKIPPED
maxHeight,,max-height,"""37px""",37px,COMPILED
maxWidth,,max-width,"""37px""",37px,COMPILED
minHeight,,min-height,"""37px""",37px,COMPILED
minWidth,,min-width,"""37px""",37px,COMPILED
mixBlendMode,,mix-blend-mode,"""luminosity""",luminosity,COMPILED
objectFitStyle,,object-fit,"{""objectFit"": ""cover"", ""objectPositionX"": ""37%"", ""objectPositionY"": ""37%""}",cover,COMPILED
opacity,,opacity,"""0.37""",0.37,COMPILED
order,,order,"""7""",7,COMPILED
outlineColor,outlineStyle,outline-color,"""rgb(9, 99, 199)""",,ABSENT
outlineOffset,outlineStyle,outline-offset,"""37px""",,ABSENT
outlineStyle,outlineStyle,outline-style,,,SKIPPED
outlineWidth,outlineStyle,outline-width,"""37px""",,ABSENT
overflow,,overflow,"""auto""",auto,COMPILED
paddingBottom,,padding-bottom,"""37px""",37px,COMPILED
paddingLeft,,padding-left,"""37px""",37px,COMPILED
paddingRight,,padding-right,"""37px""",37px,COMPILED
paddingTop,,padding-top,"""37px""",37px,COMPILED
perspectiveOrigin,,perspective-origin,,,SKIPPED
position,,position,"""sticky""",sticky,COMPILED
right,,right,"""37px""",37px,COMPILED
rotate,,rotate,,,SKIPPED
rowGap,,row-gap,"""37px""",37px,COMPILED
textAlign,,text-align,"""right""",right,COMPILED
textDecorationLine,,text-decoration-line,"""line-through""",line-through,COMPILED
textShadow,,text-shadow,,,SKIPPED
textTransform,,text-transform,"""capitalize""",capitalize,COMPILED
top,,top,"""37px""",37px,COMPILED
transform,,transform,,,SKIPPED
transformOrigin,,transform-origin,,,SKIPPED
transformStyle,,transform-style,"""preserve-3d""",preserve-3d,COMPILED
transition,,transition,,,SKIPPED
translate,,translate,,,SKIPPED
visibility,,visibility,"""hidden""",hidden,COMPILED
whiteSpace,,white-space,"""pre""",pre,COMPILED
width,,width,"""37px""",37px,COMPILED
wordSpacing,,word-spacing,"""37px""",37px,COMPILED
zIndex,,z-index,"""7""",7,COMPILED
