state,selector_template,order,scope,declared_in
&,&,0,global,Mosaic/Builder/Style/StatesMeta.php
focus,&:FOCUS,750,global,Mosaic/Builder/Style/StatesMeta.php
focus-visible,&:FOCUS-VISIBLE,760,global,Mosaic/Builder/Style/StatesMeta.php
hover,&:HOVER,100,global,Mosaic/Builder/Style/StatesMeta.php
hover-on-link,":where(a[href]:not([disabled]),button:not([disabled])):HOVER &",200,global,Mosaic/Builder/Style/StatesMeta.php
hover-on-tab,:where(.m-tab:not(.m-tab--active)):HOVER &,200,global,Mosaic/NodeTypes/Pro/Tabs/TabsMenu/Tab/TabElementTypeFactory.php
hover-tab,&:where(.m-tab:not(.m-tab--active)):HOVER,100,global,Mosaic/NodeTypes/Pro/Tabs/TabsMenu/Tab/TabElementTypeFactory.php
hover-when-link,"&:where([tabindex]:not([tabindex=""-1""]),a[href]:not([disabled]),button:not([disabled])):HOVER",100,global,Mosaic/Builder/Style/StatesMeta.php
____loop_pagination_number--active,&.m-loop-pagination-number--active,500,node-type,Mosaic/NodeTypes/Loop/LoopPagination/Numbers/Number/LoopPaginationNumberElementTypeFactory.php
____loop_pagination_number_ellipsis,&.m-loop-pagination-number-ellipsis,0,node-type,Mosaic/NodeTypes/Loop/LoopPagination/Numbers/Number/LoopPaginationNumberElementTypeFactory.php
___arrow_hidden,&:where(.m-slider-arrow--hidden),800,node-type,Mosaic/NodeTypes/Pro/Slider/SliderArrow/SliderArrowElementTypeFactoryAbstract.php
___checkbox-input--checked,&:checked,500,node-type,Mosaic/NodeTypes/Pro/Form/Form/MElements/Checkbox/CheckboxInput/CheckboxInputElementTypeFactory.php
___checkbox-input--checkmark,&:checked::before,500,node-type,Mosaic/NodeTypes/Pro/Form/Form/MElements/Checkbox/CheckboxInput/CheckboxInputElementTypeFactory.php
___choice--checked,&:has(:where(input):checked),500,node-type,Mosaic/NodeTypes/Pro/Form/Form/MElements/Choice/ChoiceElementTypeFactory.php
___choice--checked-within,.m-choice:where(:has(input:checked)) &,500,node-type,Mosaic/NodeTypes/Pro/Form/Form/MElements/Choice/ChoiceElementTypeFactory.php
___choice--focus-visible,&:has(:where(input):focus-visible),760,node-type,Mosaic/NodeTypes/Pro/Form/Form/MElements/Choice/ChoiceElementTypeFactory.php
___choice-field--invalid,&:has(:user-invalid),700,node-type,Mosaic/NodeTypes/Pro/Form/Form/MElements/ChoiceField/ChoiceFieldElementTypeFactory.php
___choice-field--invalid-within,.m-choice-field:where(:has(:user-invalid)) &,700,node-type,Mosaic/NodeTypes/Pro/Form/Form/MElements/ChoiceField/ChoiceFieldElementTypeFactory.php
___dropdown--opening,.m-dropdown:where(.dropdown--opening) &,600,node-type,Mosaic/NodeTypes/Menu/Dropdown/DropdownElementTypeFactoryAbstract.php
___dropdown-toggle--current,&.m-dropdown-toggle--current,500,node-type,Mosaic/NodeTypes/Menu/Dropdown/DropdownToggle/DropdownToggleElementTypeFactory.php
___dropdown-toggle--current-within,".m-dropdown:where(:has(.m-menu-link--current,.m-dropdown-toggle--current)) > &",500,node-type,Mosaic/NodeTypes/Menu/Dropdown/DropdownToggle/DropdownToggleElementTypeFactory.php
___field--focus-visible,"&:has(:where(input, textarea, select):focus-visible)",760,node-type,Mosaic/NodeTypes/Pro/Form/Form/MElements/Field/FieldElementTypeFactory.php
___field--invalid,&:has(:user-invalid),700,node-type,Mosaic/NodeTypes/Pro/Form/Form/MElements/Field/FieldElementTypeFactory.php
___field--invalid-focus-visible,&:has(:user-invalid:focus-visible),770,node-type,Mosaic/NodeTypes/Pro/Form/Form/MElements/Field/FieldElementTypeFactory.php
___field--invalid-within,.m-field:where(:has(:user-invalid)) &,700,node-type,Mosaic/NodeTypes/Pro/Form/Form/MElements/Field/FieldElementTypeFactory.php
___field-set--invalid,&:has(:user-invalid),700,node-type,Mosaic/NodeTypes/Pro/Form/Form/MElements/FieldSet/FieldSetElementTypeFactory.php
___fileupload-input--selector-button,&::file-selector-button,0,node-type,Mosaic/NodeTypes/Pro/Form/Form/MElements/FileUpload/FileUploadElementTypeFactory.php
___fileupload-input--selector-button-hover,&::file-selector-button:hover,100,node-type,Mosaic/NodeTypes/Pro/Form/Form/MElements/FileUpload/FileUploadElementTypeFactory.php
___form--error,"&[data-form-state=""error""]",700,node-type,Mosaic/NodeTypes/Pro/Form/FormWrapperElementTypeFactory.php
___form--invalid-within,.m-form-wrapper:where(:has(:user-invalid)) &,700,node-type,Mosaic/NodeTypes/Pro/Form/FormWrapperElementTypeFactory.php
___input--placeholder,&.m-input::placeholder,0,node-type,Mosaic/NodeTypes/Pro/Form/Form/MElements/InputText/InputTextElementTypeFactory.php
___loop_element_no_result,&.m-loop--no-result,600,node-type,Mosaic/NodeTypes/Loop/LoopElementTypeFactory.php
___loop_pagination_button--disabled,&.m-loop-pagination-button--disabled,800,node-type,Mosaic/NodeTypes/Loop/LoopPagination/Button/ButtonNext/LoopPaginationButtonNextElementTypeFactory.php
___menu-link--current,&.m-menu-link--current,500,node-type,Mosaic/NodeTypes/Menu/MenuLink/MenuLinkElementTypeFactory.php
___navbar--dropdown-mode,"&:where(.m-navbar.dropdown-mode,.m-navbar.dropdown-mode &)",600,node-type,Mosaic/NodeTypes/Navbar/NavbarElementTypeFactory.php
___navbar--opened,.dropdown-mode:where(.m-navbar.dropdown--opened) &,600,node-type,Mosaic/NodeTypes/Navbar/NavbarElementTypeFactory.php
___navbar--opening,.dropdown-mode:where(.m-navbar.dropdown--opening) &,600,node-type,Mosaic/NodeTypes/Navbar/NavbarElementTypeFactory.php
___nested_dropdown_mode,"&:where(.dropdown-mode .m-navbar-navigation .m-dropdown &, .m-dropdown .m-dropdown &):not(x)",600,node-type,Mosaic/NodeTypes/Menu/Dropdown/DropdownElementTypeFactoryAbstract.php
___radio-input--checked,&:checked,500,node-type,Mosaic/NodeTypes/Pro/Form/Form/MElements/Radio/RadioInput/RadioInputElementTypeFactory.php
___radio-input--checkmark,&:checked::before,500,node-type,Mosaic/NodeTypes/Pro/Form/Form/MElements/Radio/RadioInput/RadioInputElementTypeFactory.php
___select-input-option,"&.m-select:where(:has(option:not(:disabled):checked)), &.m-select :where(option)",500,node-type,Mosaic/NodeTypes/Pro/Form/Form/MElements/Select/SelectElementTypeFactory.php
___select-input-option--disabled,"&.m-select:where(:has(option:disabled:checked)), &.m-select :where(option:disabled)",800,node-type,Mosaic/NodeTypes/Pro/Form/Form/MElements/Select/SelectElementTypeFactory.php
___slide--active,.m-slide--active > &,500,node-type,Mosaic/NodeTypes/Pro/Slider/SliderSlides/SliderSlide/SliderSlideElementTypeFactory.php
___slider_navigation_bullet--active,&.m-slider-bullet--active,500,node-type,Mosaic/NodeTypes/Pro/Slider/SliderNavigation/SliderNavigationBullet/SliderNavigationBulletElementTypeFactory.php
___slider_navigation_bullet--hover,&:not(.m-slider-bullet--active):HOVER,100,node-type,Mosaic/NodeTypes/Pro/Slider/SliderNavigation/SliderNavigationBullet/SliderNavigationBulletElementTypeFactory.php
___step--active,&.m-multi-steps-step-tab--active,500,node-type,Mosaic/NodeTypes/Pro/Form/Form/MElements/MultiSteps/Steps/Step/StepElementTypeFactory.php
___step--active___descendants,.m-multi-steps-step-tab--active &,500,node-type,Mosaic/NodeTypes/Pro/Form/Form/MElements/MultiSteps/Steps/Step/StepElementTypeFactory.php
___step--completed,&.m-multi-steps-step-tab--completed,500,node-type,Mosaic/NodeTypes/Pro/Form/Form/MElements/MultiSteps/Steps/Step/StepElementTypeFactory.php
___step--completed___descendants,.m-multi-steps-step-tab--completed &,500,node-type,Mosaic/NodeTypes/Pro/Form/Form/MElements/MultiSteps/Steps/Step/StepElementTypeFactory.php
___submit-button--busy,"&[aria-busy=""true""]",800,node-type,Mosaic/NodeTypes/Pro/Form/Form/MElements/SubmitButton/SubmitButtonElementTypeFactory.php
___tab--active,&.m-tab--active,500,node-type,Mosaic/NodeTypes/Pro/Tabs/TabsMenu/Tab/TabElementTypeFactory.php
___tab--active___descendants,.m-tab--active &,500,node-type,Mosaic/NodeTypes/Pro/Tabs/TabsMenu/Tab/TabElementTypeFactory.php
___textarea-input--placeholder,&.m-textarea::placeholder,0,node-type,Mosaic/NodeTypes/Pro/Form/Form/MElements/TextArea/TextAreaElementTypeFactory.php
